admission_id,boot,ticket,tenant,external_id,accepted_at,route_receipt,kind
adm.002c1439cbb7eb7d6c,boot.eadeff5998de8be528,22,north,client.2,105,route.eadeff5998de8be528,live
adm.7e81dc0dd0048b4eee,boot.7fc73391fe0005acba,0,south,client.0,105,route.7fc73391fe0005acba,live
adm.038c824808e0da87a6,boot.8a473f18f758a9a799,6,north,client.1,105,route.8a473f18f758a9a799,live
adm.358c38e1ccbf889895,boot.eadeff5998de8be528,4,north,client.4,105,route.eadeff5998de8be528,live
adm.a89410eedb4e0c8a1d,boot.7fc73391fe0005acba,13,south,client.3,105,route.7fc73391fe0005acba,live
adm.acc0999c2f18f5100a,boot.79fb533701d5786191,2,south,client.2,105,route.79fb533701d5786191,live
adm.ed38f48207746712e9,boot.8a473f18f758a9a799,10,north,client.0,105,route.8a473f18f758a9a799,live
adm.1ddb11ee9e305ff640,boot.79fb533701d5786191,8,south,client.3,105,route.79fb533701d5786191,live
adm.7278ca9122b9242d44,boot.8a473f18f758a9a799,8,north,client.3,105,route.8a473f18f758a9a799,live
adm.e5ff5db2b69862484e,boot.79fb533701d5786191,6,south,client.1,105,route.79fb533701d5786191,live
adm.a13cd59343cf0ab953,boot.8a473f18f758a9a799,23,north,client.3,105,route.8a473f18f758a9a799,live
adm.81b3f4c25559d23fd0,boot.7fc73391fe0005acba,6,south,client.1,105,route.7fc73391fe0005acba,live
adm.05d66e762f881eed87,boot.79fb533701d5786191,23,south,client.3,105,route.79fb533701d5786191,live
adm.7e42a0defe9adf6e74,boot.79fb533701d5786191,1,south,client.1,105,route.79fb533701d5786191,live
adm.546ea88b303473bc1c,boot.8a473f18f758a9a799,18,north,client.3,105,route.8a473f18f758a9a799,live
adm.96e6ba058af7b8fb01,boot.7fc73391fe0005acba,8,south,client.3,105,route.7fc73391fe0005acba,live
adm.46ddbcba10ebc97e3e,boot.eadeff5998de8be528,20,north,client.0,105,route.eadeff5998de8be528,live
adm.d59afdf805989e2c91,boot.eadeff5998de8be528,7,north,client.2,105,route.eadeff5998de8be528,live
adm.edf9e7dc2b5f0769a9,boot.8a473f18f758a9a799,12,north,client.2,105,route.8a473f18f758a9a799,live
adm.a5ba17429306f8217a,boot.8a473f18f758a9a799,13,north,client.3,105,route.8a473f18f758a9a799,live
adm.6d3c03847d95157d16,boot.7fc73391fe0005acba,23,south,client.3,105,route.7fc73391fe0005acba,live
adm.153aa7000c118ea02c,boot.8a473f18f758a9a799,9,north,client.4,105,route.8a473f18f758a9a799,live
adm.5d0a85afd29898fd8f,boot.eadeff5998de8be528,1,north,client.1,105,route.eadeff5998de8be528,live
adm.84eedc6f4c66f35dfb,boot.79fb533701d5786191,15,south,client.0,105,route.79fb533701d5786191,live
adm.2d587584e7c743abcf,boot.eadeff5998de8be528,13,north,client.3,105,route.eadeff5998de8be528,live
adm.756537bbfdb4c5b588,boot.8a473f18f758a9a799,7,north,client.2,105,route.8a473f18f758a9a799,live
adm.78ab8c939f3bf7abc1,boot.8a473f18f758a9a799,22,north,client.2,105,route.8a473f18f758a9a799,live
adm.7c61d3edcaeb482f93,boot.8a473f18f758a9a799,20,north,client.0,105,route.8a473f18f758a9a799,live
adm.0d6f982b8c1a5be8c1,boot.7fc73391fe0005acba,11,south,client.1,105,route.7fc73391fe0005acba,live
adm.388d75ec36940e3efb,boot.eadeff5998de8be528,0,north,client.0,105,route.eadeff5998de8be528,live
adm.76d27e6d7c45fb0221,boot.79fb533701d5786191,19,south,client.4,105,route.79fb533701d5786191,live
adm.805e3b1365c0c193a1,boot.8a473f18f758a9a799,14,north,client.4,105,route.8a473f18f758a9a799,live
adm.72b19bf1dcc8d52f6d,boot.7fc73391fe0005acba,16,south,client.1,105,route.7fc73391fe0005acba,live
adm.963dd0d5d272cf252b,boot.7fc73391fe0005acba,5,south,client.0,105,route.7fc73391fe0005acba,live
adm.6636b1d4b6ce96502e,boot.79fb533701d5786191,13,south,client.3,105,route.79fb533701d5786191,live
adm.cd19e08eda15bec0bf,boot.79fb533701d5786191,5,south,client.0,105,route.79fb533701d5786191,live
adm.8ca51012ede5be16cb,boot.eadeff5998de8be528,23,north,client.3,105,route.eadeff5998de8be528,live
adm.5e7df882cf7532a574,boot.79fb533701d5786191,4,south,client.4,105,route.79fb533701d5786191,live
adm.7ff1e7f9fbab96e4a4,boot.8a473f18f758a9a799,3,north,client.3,105,route.8a473f18f758a9a799,live
adm.f53ec78ca863e837d7,boot.7fc73391fe0005acba,20,south,client.0,105,route.7fc73391fe0005acba,live
adm.77409fda9205071eaa,boot.eadeff5998de8be528,12,north,client.2,105,route.eadeff5998de8be528,live
adm.71c07dcfb46d163fe9,boot.eadeff5998de8be528,11,north,client.1,105,route.eadeff5998de8be528,live
adm.9d9aefe86d28eed3e0,boot.eadeff5998de8be528,6,north,client.1,105,route.eadeff5998de8be528,live
adm.44e074dad8e98e5c8e,boot.8a473f18f758a9a799,0,north,client.0,105,route.8a473f18f758a9a799,live
adm.2099c7d7b3c85f19e9,boot.eadeff5998de8be528,19,north,client.4,105,route.eadeff5998de8be528,live
adm.d92310ee1bb6ddf7f1,boot.8a473f18f758a9a799,21,north,client.1,105,route.8a473f18f758a9a799,live
adm.42a840e98cf2daaf03,boot.7fc73391fe0005acba,2,south,client.2,105,route.7fc73391fe0005acba,live
adm.7e6bc6acad18cca97c,boot.7fc73391fe0005acba,10,south,client.0,105,route.7fc73391fe0005acba,live
adm.36aababbca29062525,boot.7fc73391fe0005acba,3,south,client.3,105,route.7fc73391fe0005acba,live
adm.5641bdde2c294739d6,boot.79fb533701d5786191,10,south,client.0,105,route.79fb533701d5786191,live
adm.8b2fee3b6ebc1c71b8,boot.79fb533701d5786191,0,south,client.0,105,route.79fb533701d5786191,live
adm.90af28bef45def0917,boot.eadeff5998de8be528,18,north,client.3,105,route.eadeff5998de8be528,live
adm.74d4dee4286967a5aa,boot.79fb533701d5786191,12,south,client.2,105,route.79fb533701d5786191,live
adm.d8dda881c621d86b1f,boot.8a473f18f758a9a799,4,north,client.4,105,route.8a473f18f758a9a799,live
adm.c0f8deaa83c97f6541,boot.79fb533701d5786191,7,south,client.2,105,route.79fb533701d5786191,live
adm.cdaebdb3e89970ae53,boot.8a473f18f758a9a799,2,north,client.2,105,route.8a473f18f758a9a799,live
adm.39851f7aeaf76f7357,boot.7fc73391fe0005acba,14,south,client.4,105,route.7fc73391fe0005acba,live
adm.555d3b5792f16fb347,boot.79fb533701d5786191,22,south,client.2,105,route.79fb533701d5786191,live
adm.94b6fdcf3f4ac2eb15,boot.eadeff5998de8be528,8,north,client.3,105,route.eadeff5998de8be528,live
adm.7db5b4417773699288,boot.79fb533701d5786191,14,south,client.4,105,route.79fb533701d5786191,live
adm.9695d511bc07b5ad74,boot.79fb533701d5786191,17,south,client.2,105,route.79fb533701d5786191,live
adm.057380bd8058e3bcdc,boot.7fc73391fe0005acba,9,south,client.4,105,route.7fc73391fe0005acba,live
adm.5fa9a6524178870b8e,boot.7fc73391fe0005acba,1,south,client.1,105,route.7fc73391fe0005acba,live
adm.d5428b06a8ec38af8a,boot.79fb533701d5786191,18,south,client.3,105,route.79fb533701d5786191,live
adm.a289cf116662b1c9d9,boot.7fc73391fe0005acba,19,south,client.4,105,route.7fc73391fe0005acba,live
adm.bc5e129919263f29cf,boot.7fc73391fe0005acba,12,south,client.2,105,route.7fc73391fe0005acba,live
adm.bee872a6accbe8c92c,boot.eadeff5998de8be528,9,north,client.4,105,route.eadeff5998de8be528,live
adm.b4ae5bb7815ce13bc8,boot.eadeff5998de8be528,21,north,client.1,105,route.eadeff5998de8be528,live
adm.f9b74d714230629cf9,boot.eadeff5998de8be528,10,north,client.0,105,route.eadeff5998de8be528,live
adm.17579206e5127fbfb5,boot.eadeff5998de8be528,5,north,client.0,105,route.eadeff5998de8be528,live
adm.9bd7186e8b7ba2931b,boot.8a473f18f758a9a799,16,north,client.1,105,route.8a473f18f758a9a799,live
adm.a56da8849559a6d78d,boot.7fc73391fe0005acba,17,south,client.2,105,route.7fc73391fe0005acba,live
adm.b343d1bb659017eaad,boot.eadeff5998de8be528,16,north,client.1,105,route.eadeff5998de8be528,live
adm.4128d513ee084546d3,boot.8a473f18f758a9a799,11,north,client.1,105,route.8a473f18f758a9a799,live
adm.bbe80a13211a90b0ff,boot.7fc73391fe0005acba,15,south,client.0,105,route.7fc73391fe0005acba,live
adm.4319bb0c84701b3183,boot.79fb533701d5786191,9,south,client.4,105,route.79fb533701d5786191,live
adm.c2d86ea91e2d63ab12,boot.7fc73391fe0005acba,4,south,client.4,105,route.7fc73391fe0005acba,live
adm.ec81b597b1a6e3f5e4,boot.eadeff5998de8be528,2,north,client.2,105,route.eadeff5998de8be528,live
adm.6d43416d4bdb35ebda,boot.8a473f18f758a9a799,15,north,client.0,105,route.8a473f18f758a9a799,live
adm.06d55ff79c77c3e9bc,boot.79fb533701d5786191,20,south,client.0,105,route.79fb533701d5786191,live
adm.43dc3c735a011c3cf9,boot.79fb533701d5786191,3,south,client.3,105,route.79fb533701d5786191,live
adm.942f0dd5a99ef69c28,boot.79fb533701d5786191,16,south,client.1,105,route.79fb533701d5786191,live
adm.44cb91bd0f241a0657,boot.eadeff5998de8be528,17,north,client.2,105,route.eadeff5998de8be528,live
adm.0a64e6a181404df6bd,boot.8a473f18f758a9a799,5,north,client.0,105,route.8a473f18f758a9a799,live
adm.2ae9ee8f1fab1e99e9,boot.eadeff5998de8be528,15,north,client.0,105,route.eadeff5998de8be528,live
adm.557d535b2f2f10d028,boot.79fb533701d5786191,11,south,client.1,105,route.79fb533701d5786191,live
adm.df9a8a39cbb31e6d3a,boot.eadeff5998de8be528,3,north,client.3,105,route.eadeff5998de8be528,live
adm.19e47a438732d8b006,boot.8a473f18f758a9a799,1,north,client.1,105,route.8a473f18f758a9a799,live
adm.d792e2b26384da5416,boot.7fc73391fe0005acba,21,south,client.1,105,route.7fc73391fe0005acba,live
adm.33bcaa36806ae24f94,boot.8a473f18f758a9a799,19,north,client.4,105,route.8a473f18f758a9a799,live
adm.986c42d3cddce7c3af,boot.7fc73391fe0005acba,22,south,client.2,105,route.7fc73391fe0005acba,live
adm.8fdbb029c3ae2102b4,boot.7fc73391fe0005acba,7,south,client.2,105,route.7fc73391fe0005acba,live
adm.fefd770074cbeceedf,boot.8a473f18f758a9a799,17,north,client.2,105,route.8a473f18f758a9a799,live
adm.a01016202b8a2fea96,boot.eadeff5998de8be528,14,north,client.4,105,route.eadeff5998de8be528,live
adm.df175f0c6f379caac3,boot.7fc73391fe0005acba,18,south,client.3,105,route.7fc73391fe0005acba,live
adm.8120afbefdaa6f1e1b,boot.79fb533701d5786191,21,south,client.1,105,route.79fb533701d5786191,live
adm.e58786b82ac1c4214d,boot.e58786b82ac1c4214d,0,north,client.0,105,route.e58786b82ac1c4214d,live
