observation_id,producer,tenant,trace_id,trace_time,payload
obs.5ce54ce95d63a095f8,quality-legacy,north,trace.0d2d916b07a6ca7d01,105,"{""schema"": 1, ""id"": ""obs.5ce54ce95d63a095f8"", ""request"": ""client.1"", ""finished_ms"": 301000, ""quality"": 1}"
obs.616b506e37618c37d3,quality-secondary,south,trace.6788dc3c3714716e86,105,"{""schema"": 2, ""event_id"": ""obs.616b506e37618c37d3"", ""update_seq"": 0, ""request_id"": ""client.3"", ""finished_at"": 301, ""score"": 0}"
obs.19a760c5113dc7c1fd,quality-secondary,north,trace.490ec96fcf80d553f6,105,"{""schema"": 2, ""event_id"": ""obs.19a760c5113dc7c1fd"", ""update_seq"": 0, ""request_id"": ""client.1"", ""finished_at"": 301, ""score"": 0}"
obs.7e56c722c611af77d3,quality,north,trace.ac8f37881ad463af98,105,"{""schema"": 2, ""event_id"": ""obs.7e56c722c611af77d3"", ""update_seq"": 0, ""request_id"": ""client.2"", ""finished_at"": 301, ""score"": 1}"
obs.c2ac08a24324d34bae,quality-secondary,north,trace.de04467305a827c52d,105,"{""schema"": 2, ""event_id"": ""obs.c2ac08a24324d34bae"", ""update_seq"": 0, ""request_id"": ""client.0"", ""finished_at"": 301, ""score"": 0}"
obs.1bf1bee35eeb353bf4,quality,north,trace.1bf1bee35eeb353bf4,105,"{""schema"": 2, ""event_id"": ""obs.1bf1bee35eeb353bf4"", ""update_seq"": 0, ""request_id"": ""client.0"", ""finished_at"": 301, ""score"": 1, ""sample_kind"": ""shadow""}"
obs.cf5f1c9e219a2e6f51,quality-secondary,south,trace.41ced7516b11b61c34,105,"{""schema"": 2, ""event_id"": ""obs.cf5f1c9e219a2e6f51"", ""update_seq"": 0, ""request_id"": ""client.4"", ""finished_at"": 301, ""score"": 0}"
obs.d8238c9b978d3e894a,quality-secondary,north,trace.80de301c646594f3c8,105,"{""schema"": 2, ""event_id"": ""obs.d8238c9b978d3e894a"", ""update_seq"": 0, ""request_id"": ""client.4"", ""finished_at"": 301, ""score"": 0}"
obs.e5183594c00fdf9c3f,quality-secondary,north,trace.6b5049f610add3a9ca,105,"{""schema"": 2, ""event_id"": ""obs.e5183594c00fdf9c3f"", ""update_seq"": 0, ""request_id"": ""client.1"", ""finished_at"": 301, ""score"": 0}"
obs.77369f8dd4e1ec32d2,quality-secondary,south,trace.b48414aca4ba1456c4,105,"{""schema"": 2, ""event_id"": ""obs.77369f8dd4e1ec32d2"", ""update_seq"": 0, ""request_id"": ""client.4"", ""finished_at"": 301, ""score"": 0}"
obs.b7bcb79f7c20b13f8c,quality-secondary,south,trace.52e10600b5705ab2e4,105,"{""schema"": 2, ""event_id"": ""obs.b7bcb79f7c20b13f8c"", ""update_seq"": 0, ""request_id"": ""client.0"", ""finished_at"": 301, ""score"": 0}"
obs.3863307527cb98ceb0,quality-legacy,south,trace.cbbea35caf9577ba10,105,"{""schema"": 1, ""id"": ""obs.3863307527cb98ceb0"", ""request"": ""client.1"", ""finished_ms"": 301000, ""quality"": 1}"
obs.6107650d2fd18271ae,quality,south,trace.3b45b519468ec7e670,105,"{""schema"": 2, ""event_id"": ""obs.6107650d2fd18271ae"", ""update_seq"": 0, ""request_id"": ""client.3"", ""finished_at"": 301, ""score"": 1}"
obs.cdb4979a7f9210523c,quality,north,trace.26d3c702fa9114949f,105,"{""schema"": 2, ""event_id"": ""obs.cdb4979a7f9210523c"", ""update_seq"": 0, ""request_id"": ""client.4"", ""finished_at"": 301, ""score"": 1}"
obs.e665fc4e7b5968c5b2,quality,south,trace.52e10600b5705ab2e4,105,"{""schema"": 2, ""event_id"": ""obs.e665fc4e7b5968c5b2"", ""update_seq"": 0, ""request_id"": ""client.0"", ""finished_at"": 301, ""score"": 1}"
obs.e7679259b94244899f,quality-secondary,north,trace.20cd1613a859ab881e,105,"{""schema"": 2, ""event_id"": ""obs.e7679259b94244899f"", ""update_seq"": 0, ""request_id"": ""client.4"", ""finished_at"": 301, ""score"": 0}"
obs.b7bcb79f7c20b13f8c,quality-secondary,south,trace.52e10600b5705ab2e4,105,"{""schema"": 2, ""event_id"": ""obs.b7bcb79f7c20b13f8c"", ""update_seq"": 0, ""request_id"": ""client.0"", ""finished_at"": 301, ""score"": 0}"
obs.0664d4b2a2743b290e,quality-secondary,north,trace.ac8f37881ad463af98,105,"{""schema"": 2, ""event_id"": ""obs.0664d4b2a2743b290e"", ""update_seq"": 0, ""request_id"": ""client.2"", ""finished_at"": 301, ""score"": 0}"
obs.8f1980019d134e6601,quality,north,trace.490ec96fcf80d553f6,105,"{""schema"": 2, ""event_id"": ""obs.8f1980019d134e6601"", ""update_seq"": 0, ""request_id"": ""client.1"", ""finished_at"": 301, ""score"": 1}"
obs.2159f15540ee868b87,quality-secondary,north,trace.26d3c702fa9114949f,105,"{""schema"": 2, ""event_id"": ""obs.2159f15540ee868b87"", ""update_seq"": 0, ""request_id"": ""client.4"", ""finished_at"": 301, ""score"": 0}"
obs.c39141b4c0092930ee,quality,south,trace.26d3c702fa9114949f,105,"{""schema"": 2, ""event_id"": ""obs.c39141b4c0092930ee"", ""update_seq"": 0, ""request_id"": ""client.4"", ""finished_at"": 301, ""score"": 1}"
obs.1786f7359e3f644492,quality,south,trace.a03e83f24adf380c97,105,"{""schema"": 2, ""event_id"": ""obs.1786f7359e3f644492"", ""update_seq"": 0, ""request_id"": ""client.4"", ""finished_at"": 301, ""score"": 1}"
obs.50b01f5998573b03ef,quality-secondary,south,trace.237f2acb2a37ef2aed,105,"{""schema"": 2, ""event_id"": ""obs.50b01f5998573b03ef"", ""update_seq"": 0, ""request_id"": ""client.2"", ""finished_at"": 301, ""score"": 0}"
obs.8af82c8ded8d3d4cbd,quality-secondary,south,trace.0f78a54ddffa0ae43e,105,"{""schema"": 2, ""event_id"": ""obs.8af82c8ded8d3d4cbd"", ""update_seq"": 0, ""request_id"": ""client.3"", ""finished_at"": 301, ""score"": 0}"
obs.59cf0bf9aa4662ce6a,quality,south,trace.891a57867d5f0f0151,105,"{""schema"": 2, ""event_id"": ""obs.59cf0bf9aa4662ce6a"", ""update_seq"": 0, ""request_id"": ""client.2"", ""finished_at"": 301, ""score"": 1}"
obs.379ac21c607858718b,quality-secondary,north,trace.37b8030ac706bfeb8b,105,"{""schema"": 2, ""event_id"": ""obs.379ac21c607858718b"", ""update_seq"": 0, ""request_id"": ""client.0"", ""finished_at"": 301, ""score"": 0}"
obs.90d2c4309f6360e913,quality-secondary,south,trace.0a2d3bc0c13464f469,105,"{""schema"": 2, ""event_id"": ""obs.90d2c4309f6360e913"", ""update_seq"": 0, ""request_id"": ""client.0"", ""finished_at"": 301, ""score"": 0}"
obs.c16c880c309e2a0d2b,quality-legacy,north,trace.6b5049f610add3a9ca,105,"{""schema"": 1, ""id"": ""obs.c16c880c309e2a0d2b"", ""request"": ""client.1"", ""finished_ms"": 301000, ""quality"": 1}"
obs.d451ac6b96833cd830,quality-secondary,north,trace.6788dc3c3714716e86,105,"{""schema"": 2, ""event_id"": ""obs.d451ac6b96833cd830"", ""update_seq"": 0, ""request_id"": ""client.3"", ""finished_at"": 301, ""score"": 0}"
obs.212513afe768fa4719,quality,north,trace.212513afe768fa4719,105,"{""schema"": 2, ""event_id"": ""obs.212513afe768fa4719"", ""update_seq"": 0, ""request_id"": ""client.0"", ""finished_at"": 301, ""score"": 1, ""sample_kind"": ""shadow""}"
obs.1455037d1548b03ae8,quality-secondary,south,trace.d7e3a8e18f2313d6c4,105,"{""schema"": 2, ""event_id"": ""obs.1455037d1548b03ae8"", ""update_seq"": 0, ""request_id"": ""client.4"", ""finished_at"": 301, ""score"": 0}"
obs.6973cc539f79403a1d,quality,north,trace.5711b5a8f00f3a43aa,105,"{""schema"": 2, ""event_id"": ""obs.6973cc539f79403a1d"", ""update_seq"": 0, ""request_id"": ""client.2"", ""finished_at"": 301, ""score"": 1}"
obs.2e654cc19e98213f5d,quality,north,trace.25b2eb4491b9194cc0,105,"{""schema"": 2, ""event_id"": ""obs.2e654cc19e98213f5d"", ""update_seq"": 0, ""request_id"": ""client.1"", ""finished_at"": 301, ""score"": 1}"
obs.2dc84942673c753035,quality-secondary,south,trace.ac8f37881ad463af98,105,"{""schema"": 2, ""event_id"": ""obs.2dc84942673c753035"", ""update_seq"": 0, ""request_id"": ""client.2"", ""finished_at"": 301, ""score"": 0}"
obs.be1444d471b89bbf19,quality,north,trace.be1444d471b89bbf19,105,"{""schema"": 2, ""event_id"": ""obs.be1444d471b89bbf19"", ""update_seq"": 0, ""request_id"": ""client.0"", ""finished_at"": 301, ""sample_kind"": ""shadow"", ""deleted"": true}"
obs.1b1f461c0b94822459,quality-legacy,south,trace.6b5049f610add3a9ca,105,"{""schema"": 1, ""id"": ""obs.1b1f461c0b94822459"", ""request"": ""client.1"", ""finished_ms"": 301000, ""quality"": 1}"
obs.5cb79c3a5d0ae0c994,quality-secondary,south,trace.45fe9218f2e25cb46a,105,"{""schema"": 2, ""event_id"": ""obs.5cb79c3a5d0ae0c994"", ""update_seq"": 0, ""request_id"": ""client.1"", ""finished_at"": 301, ""score"": 0}"
obs.99e2c3b47482dcbb62,quality,north,trace.e4ed0a4951cef2d012,105,"{""schema"": 2, ""event_id"": ""obs.99e2c3b47482dcbb62"", ""update_seq"": 0, ""request_id"": ""client.0"", ""finished_at"": 301, ""score"": 1}"
obs.77a2ddda5dfb96d5ab,quality,north,trace.77a2ddda5dfb96d5ab,105,"{""schema"": 2, ""event_id"": ""obs.77a2ddda5dfb96d5ab"", ""update_seq"": 0, ""request_id"": ""client.0"", ""finished_at"": 301, ""score"": 1, ""sample_kind"": ""shadow""}"
obs.b4c99e3be5d89ed224,quality-secondary,south,trace.b5c0048c990ad1c4ce,105,"{""schema"": 2, ""event_id"": ""obs.b4c99e3be5d89ed224"", ""update_seq"": 0, ""request_id"": ""client.1"", ""finished_at"": 301, ""score"": 0}"
obs.c7968615be7937b271,quality-legacy,south,trace.a1ae2b454762d8f39f,105,"{""schema"": 1, ""id"": ""obs.c7968615be7937b271"", ""request"": ""client.1"", ""finished_ms"": 301000, ""quality"": 1}"
obs.18e248348da1df2d3f,quality-legacy,north,trace.86e06ae202a6969cd8,105,"{""schema"": 1, ""id"": ""obs.18e248348da1df2d3f"", ""request"": ""client.0"", ""finished_ms"": 301000, ""quality"": 1}"
obs.0f312774605f536d2a,quality-secondary,south,trace.a03e83f24adf380c97,105,"{""schema"": 2, ""event_id"": ""obs.0f312774605f536d2a"", ""update_seq"": 0, ""request_id"": ""client.4"", ""finished_at"": 301, ""score"": 0}"
obs.8a830619f7336029e1,quality-secondary,north,trace.6c79d9f29163d402d1,105,"{""schema"": 2, ""event_id"": ""obs.8a830619f7336029e1"", ""update_seq"": 0, ""request_id"": ""client.3"", ""finished_at"": 301, ""score"": 0}"
obs.f1dc0e6ba374b253c5,quality-secondary,south,trace.de04467305a827c52d,105,"{""schema"": 2, ""event_id"": ""obs.f1dc0e6ba374b253c5"", ""update_seq"": 0, ""request_id"": ""client.0"", ""finished_at"": 301, ""score"": 0}"
obs.29a924f4ee8d4199e1,quality-secondary,south,trace.86e06ae202a6969cd8,105,"{""schema"": 2, ""event_id"": ""obs.29a924f4ee8d4199e1"", ""update_seq"": 0, ""request_id"": ""client.0"", ""finished_at"": 301, ""score"": 0}"
obs.18646adda46a417cec,quality-legacy,south,trace.07787493df4ca539c6,105,"{""schema"": 1, ""id"": ""obs.18646adda46a417cec"", ""request"": ""client.2"", ""finished_ms"": 301000, ""quality"": 1}"
obs.0f7d42356889d09156,quality,north,trace.0f7d42356889d09156,105,"{""schema"": 2, ""event_id"": ""obs.0f7d42356889d09156"", ""update_seq"": 0, ""request_id"": ""client.0"", ""finished_at"": 301, ""score"": 1, ""sample_kind"": ""shadow""}"
obs.fab3d4fa2a2bc882b8,quality,north,trace.37b8030ac706bfeb8b,105,"{""schema"": 2, ""event_id"": ""obs.fab3d4fa2a2bc882b8"", ""update_seq"": 0, ""request_id"": ""client.0"", ""finished_at"": 301, ""score"": 1}"
obs.63dbc8ce090ecaf2f0,quality,south,trace.490ec96fcf80d553f6,105,"{""schema"": 2, ""event_id"": ""obs.63dbc8ce090ecaf2f0"", ""update_seq"": 0, ""request_id"": ""client.1"", ""finished_at"": 301, ""score"": 1}"
obs.d50dc5c53859156ceb,quality,north,trace.d50dc5c53859156ceb,105,"{""schema"": 2, ""event_id"": ""obs.d50dc5c53859156ceb"", ""update_seq"": 0, ""request_id"": ""client.0"", ""finished_at"": 301, ""score"": 9, ""sample_kind"": ""shadow""}"
obs.fe85b8ebd581e74fad,quality-secondary,south,trace.060a719e0618c56b3c,105,"{""schema"": 2, ""event_id"": ""obs.fe85b8ebd581e74fad"", ""update_seq"": 0, ""request_id"": ""client.0"", ""finished_at"": 301, ""score"": 0}"
obs.f469736277736f8ece,quality-secondary,north,trace.7686a86728f98db49d,105,"{""schema"": 2, ""event_id"": ""obs.f469736277736f8ece"", ""update_seq"": 0, ""request_id"": ""client.3"", ""finished_at"": 301, ""score"": 0}"
obs.85168be36aff2bdadf,quality,south,trace.0a2d3bc0c13464f469,105,"{""schema"": 2, ""event_id"": ""obs.85168be36aff2bdadf"", ""update_seq"": 0, ""request_id"": ""client.0"", ""finished_at"": 301, ""score"": 1}"
obs.c392de6bc57374d3ab,quality-legacy,south,trace.6788dc3c3714716e86,105,"{""schema"": 1, ""id"": ""obs.c392de6bc57374d3ab"", ""request"": ""client.3"", ""finished_ms"": 301000, ""quality"": 1}"
obs.3a3b1a16e6d32462bc,quality,south,trace.80de301c646594f3c8,105,"{""schema"": 2, ""event_id"": ""obs.3a3b1a16e6d32462bc"", ""update_seq"": 0, ""request_id"": ""client.4"", ""finished_at"": 301, ""score"": 1}"
obs.41d2d44d341d1f2b1b,quality,north,trace.a03e83f24adf380c97,105,"{""schema"": 2, ""event_id"": ""obs.41d2d44d341d1f2b1b"", ""update_seq"": 0, ""request_id"": ""client.4"", ""finished_at"": 301, ""score"": 1}"
obs.d01956f092bcae3d40,quality-secondary,south,trace.43a2a5c8d289b2a68d,105,"{""schema"": 2, ""event_id"": ""obs.d01956f092bcae3d40"", ""update_seq"": 0, ""request_id"": ""client.0"", ""finished_at"": 301, ""score"": 0}"
obs.ab8377ee2e8d8bdc0b,quality-secondary,north,trace.07787493df4ca539c6,105,"{""schema"": 2, ""event_id"": ""obs.ab8377ee2e8d8bdc0b"", ""update_seq"": 0, ""request_id"": ""client.2"", ""finished_at"": 301, ""score"": 0}"
obs.b647095bf3375da2c6,quality-secondary,south,trace.cbbea35caf9577ba10,105,"{""schema"": 2, ""event_id"": ""obs.b647095bf3375da2c6"", ""update_seq"": 0, ""request_id"": ""client.1"", ""finished_at"": 301, ""score"": 0}"
obs.bab98ce790cc6826e4,quality-secondary,south,trace.1a60a07f73f8597595,105,"{""schema"": 2, ""event_id"": ""obs.bab98ce790cc6826e4"", ""update_seq"": 0, ""request_id"": ""client.2"", ""finished_at"": 301, ""score"": 0}"
obs.5be0745ea87d50b400,quality,north,trace.5be0745ea87d50b400,105,"{""schema"": 2, ""event_id"": ""obs.5be0745ea87d50b400"", ""update_seq"": 0, ""request_id"": ""client.0"", ""finished_at"": 301, ""score"": 1, ""sample_kind"": ""shadow""}"
obs.2466180b688fd7ec62,quality-secondary,south,trace.a1ae2b454762d8f39f,105,"{""schema"": 2, ""event_id"": ""obs.2466180b688fd7ec62"", ""update_seq"": 0, ""request_id"": ""client.1"", ""finished_at"": 301, ""score"": 0}"
obs.905dd2e8eda8248623,quality-secondary,north,trace.060a719e0618c56b3c,105,"{""schema"": 2, ""event_id"": ""obs.905dd2e8eda8248623"", ""update_seq"": 0, ""request_id"": ""client.0"", ""finished_at"": 301, ""score"": 0}"
obs.e663cdc50cb3bd632d,quality,north,trace.d7e3a8e18f2313d6c4,105,"{""schema"": 2, ""event_id"": ""obs.e663cdc50cb3bd632d"", ""update_seq"": 0, ""request_id"": ""client.4"", ""finished_at"": 301, ""score"": 1}"
obs.dac0248b66b9280599,quality-legacy,north,trace.cbbea35caf9577ba10,105,"{""schema"": 1, ""id"": ""obs.dac0248b66b9280599"", ""request"": ""client.1"", ""finished_ms"": 301000, ""quality"": 1}"
obs.af5b9fdf22117ffc83,quality-secondary,south,trace.3b45b519468ec7e670,105,"{""schema"": 2, ""event_id"": ""obs.af5b9fdf22117ffc83"", ""update_seq"": 0, ""request_id"": ""client.3"", ""finished_at"": 301, ""score"": 0}"
obs.a034b153992676f1f8,quality-secondary,south,trace.bb94b472c3ec537f4a,105,"{""schema"": 2, ""event_id"": ""obs.a034b153992676f1f8"", ""update_seq"": 0, ""request_id"": ""client.2"", ""finished_at"": 301, ""score"": 0}"
obs.a1e43cb250c8286a12,quality-secondary,north,trace.0d2d916b07a6ca7d01,105,"{""schema"": 2, ""event_id"": ""obs.a1e43cb250c8286a12"", ""update_seq"": 0, ""request_id"": ""client.1"", ""finished_at"": 301, ""score"": 0}"
obs.c66db41f01f4406fd8,quality-secondary,north,trace.b5deb0411f389c7a70,105,"{""schema"": 2, ""event_id"": ""obs.c66db41f01f4406fd8"", ""update_seq"": 0, ""request_id"": ""client.1"", ""finished_at"": 301, ""score"": 0}"
obs.24c9ef7d21c941c4dc,quality-legacy,south,trace.91f700cda29198b64d,105,"{""schema"": 1, ""id"": ""obs.24c9ef7d21c941c4dc"", ""request"": ""client.4"", ""finished_ms"": 301000, ""quality"": 1}"
obs.84485caceedca43c42,quality-secondary,north,trace.1a60a07f73f8597595,105,"{""schema"": 2, ""event_id"": ""obs.84485caceedca43c42"", ""update_seq"": 0, ""request_id"": ""client.2"", ""finished_at"": 301, ""score"": 0}"
obs.3f3c1dd2a18208e8ff,quality-legacy,south,trace.bb94b472c3ec537f4a,105,"{""schema"": 1, ""id"": ""obs.3f3c1dd2a18208e8ff"", ""request"": ""client.2"", ""finished_ms"": 301000, ""quality"": 1}"
obs.9764fb1f2d098c362a,quality-secondary,north,trace.91f700cda29198b64d,105,"{""schema"": 2, ""event_id"": ""obs.9764fb1f2d098c362a"", ""update_seq"": 0, ""request_id"": ""client.4"", ""finished_at"": 301, ""score"": 0}"
obs.6fb344a52c419f0b8b,quality-secondary,north,trace.2a4507ef9ebd1250b0,105,"{""schema"": 2, ""event_id"": ""obs.6fb344a52c419f0b8b"", ""update_seq"": 0, ""request_id"": ""client.3"", ""finished_at"": 301, ""score"": 0}"
obs.644a0a5fe1cf74d17c,quality-secondary,south,trace.19f7f3b58e186e27dd,105,"{""schema"": 2, ""event_id"": ""obs.644a0a5fe1cf74d17c"", ""update_seq"": 0, ""request_id"": ""client.2"", ""finished_at"": 301, ""score"": 0}"
obs.439b8eb259df520448,quality-secondary,north,trace.52e10600b5705ab2e4,105,"{""schema"": 2, ""event_id"": ""obs.439b8eb259df520448"", ""update_seq"": 0, ""request_id"": ""client.0"", ""finished_at"": 301, ""score"": 0}"
obs.56dd19910d0943739d,quality-legacy,south,trace.237f2acb2a37ef2aed,105,"{""schema"": 1, ""id"": ""obs.56dd19910d0943739d"", ""request"": ""client.2"", ""finished_ms"": 301000, ""quality"": 1}"
obs.69cddaec3732a14029,quality-secondary,south,trace.37b8030ac706bfeb8b,105,"{""schema"": 2, ""event_id"": ""obs.69cddaec3732a14029"", ""update_seq"": 0, ""request_id"": ""client.0"", ""finished_at"": 301, ""score"": 0}"
obs.bd38acc9a3de13af1e,quality-legacy,north,trace.45fe9218f2e25cb46a,105,"{""schema"": 1, ""id"": ""obs.bd38acc9a3de13af1e"", ""request"": ""client.1"", ""finished_ms"": 301000, ""quality"": 1}"
obs.7df040d1c2bc99de7b,quality,north,trace.bf28330e0f30c7e618,105,"{""schema"": 2, ""event_id"": ""obs.7df040d1c2bc99de7b"", ""update_seq"": 0, ""request_id"": ""client.0"", ""finished_at"": 301, ""score"": 1}"
obs.8e166dd16f984b7efb,quality-secondary,south,trace.7a1d5ef9e082155d86,105,"{""schema"": 2, ""event_id"": ""obs.8e166dd16f984b7efb"", ""update_seq"": 0, ""request_id"": ""client.3"", ""finished_at"": 301, ""score"": 0}"
obs.c77ff797648535dc70,quality-legacy,south,trace.2a4507ef9ebd1250b0,105,"{""schema"": 1, ""id"": ""obs.c77ff797648535dc70"", ""request"": ""client.3"", ""finished_ms"": 301000, ""quality"": 1}"
obs.a34529607036c99f47,quality-secondary,north,trace.b48414aca4ba1456c4,105,"{""schema"": 2, ""event_id"": ""obs.a34529607036c99f47"", ""update_seq"": 0, ""request_id"": ""client.4"", ""finished_at"": 301, ""score"": 0}"
obs.fe0ab0a7390b781de2,quality-legacy,south,trace.90806211a2b82864ab,105,"{""schema"": 1, ""id"": ""obs.fe0ab0a7390b781de2"", ""request"": ""client.1"", ""finished_ms"": 301000, ""quality"": 1}"
obs.af677e8ed3cebfd845,quality-secondary,south,trace.e4ed0a4951cef2d012,105,"{""schema"": 2, ""event_id"": ""obs.af677e8ed3cebfd845"", ""update_seq"": 0, ""request_id"": ""client.0"", ""finished_at"": 301, ""score"": 0}"
obs.23babe75d38f16938b,quality-legacy,south,trace.43a2a5c8d289b2a68d,105,"{""schema"": 1, ""id"": ""obs.23babe75d38f16938b"", ""request"": ""client.0"", ""finished_ms"": 301000, ""quality"": 1}"
obs.5e0c2e6328f354bc08,quality,south,trace.25b2eb4491b9194cc0,105,"{""schema"": 2, ""event_id"": ""obs.5e0c2e6328f354bc08"", ""update_seq"": 0, ""request_id"": ""client.1"", ""finished_at"": 301, ""score"": 1}"
obs.7e599b87789f8b3c3d,quality-legacy,south,trace.20cd1613a859ab881e,105,"{""schema"": 1, ""id"": ""obs.7e599b87789f8b3c3d"", ""request"": ""client.4"", ""finished_ms"": 301000, ""quality"": 1}"
obs.e5ac863716fc7b1239,quality-secondary,south,trace.26d3c702fa9114949f,105,"{""schema"": 2, ""event_id"": ""obs.e5ac863716fc7b1239"", ""update_seq"": 0, ""request_id"": ""client.4"", ""finished_at"": 301, ""score"": 0}"
obs.deb257a616a4329ab3,quality-secondary,north,trace.85713d23366adb2ff8,105,"{""schema"": 2, ""event_id"": ""obs.deb257a616a4329ab3"", ""update_seq"": 0, ""request_id"": ""client.3"", ""finished_at"": 301, ""score"": 0}"
obs.42b859d775ea612619,quality-legacy,north,trace.a1ae2b454762d8f39f,105,"{""schema"": 1, ""id"": ""obs.42b859d775ea612619"", ""request"": ""client.1"", ""finished_ms"": 301000, ""quality"": 1}"
obs.8c255fdca63d424050,quality,north,trace.8c255fdca63d424050,105,"{""schema"": 2, ""event_id"": ""obs.8c255fdca63d424050"", ""update_seq"": 0, ""request_id"": ""client.0"", ""finished_at"": 301, ""score"": 1, ""sample_kind"": ""shadow""}"
obs.dafb22f0463e4ecd83,quality-secondary,south,trace.90806211a2b82864ab,105,"{""schema"": 2, ""event_id"": ""obs.dafb22f0463e4ecd83"", ""update_seq"": 0, ""request_id"": ""client.1"", ""finished_at"": 301, ""score"": 0}"
obs.18646adda46a417cec,quality-legacy,south,trace.07787493df4ca539c6,105,"{""schema"": 1, ""id"": ""obs.18646adda46a417cec"", ""request"": ""client.2"", ""finished_ms"": 301000, ""quality"": 1}"
obs.565a66fdbaed4ea6fc,quality-legacy,north,trace.57d617f1897ad3c16e,105,"{""schema"": 1, ""id"": ""obs.565a66fdbaed4ea6fc"", ""request"": ""client.2"", ""finished_ms"": 301000, ""quality"": 1}"
obs.c7b9f1d956dbbd5a3c,quality-legacy,north,trace.90806211a2b82864ab,105,"{""schema"": 1, ""id"": ""obs.c7b9f1d956dbbd5a3c"", ""request"": ""client.1"", ""finished_ms"": 301000, ""quality"": 1}"
obs.97b324fedc4ea6de30,quality-legacy,north,trace.47121c12e0e91ff35e,105,"{""schema"": 1, ""id"": ""obs.97b324fedc4ea6de30"", ""request"": ""client.0"", ""finished_ms"": 301000, ""quality"": 1}"
obs.73f9ca638c54c84063,quality-secondary,south,trace.85713d23366adb2ff8,105,"{""schema"": 2, ""event_id"": ""obs.73f9ca638c54c84063"", ""update_seq"": 0, ""request_id"": ""client.3"", ""finished_at"": 301, ""score"": 0}"
obs.c7c8acb53b6592f31b,quality-secondary,south,trace.07787493df4ca539c6,105,"{""schema"": 2, ""event_id"": ""obs.c7c8acb53b6592f31b"", ""update_seq"": 0, ""request_id"": ""client.2"", ""finished_at"": 301, ""score"": 0}"
obs.51e2ae825bfe72f850,quality-legacy,north,trace.41ced7516b11b61c34,105,"{""schema"": 1, ""id"": ""obs.51e2ae825bfe72f850"", ""request"": ""client.4"", ""finished_ms"": 301000, ""quality"": 1}"
obs.33c68bec71cc649dc5,quality,north,trace.33c68bec71cc649dc5,110,"{""schema"": 2, ""event_id"": ""obs.33c68bec71cc649dc5"", ""update_seq"": 0, ""request_id"": ""client.0"", ""finished_at"": 301, ""score"": 1, ""sample_kind"": ""shadow""}"
obs.2fed76f0e46d705df3,quality-legacy,south,trace.47121c12e0e91ff35e,105,"{""schema"": 1, ""id"": ""obs.2fed76f0e46d705df3"", ""request"": ""client.0"", ""finished_ms"": 301000, ""quality"": 1}"
obs.b7ac8fb64a4625e53e,quality-secondary,north,trace.0f78a54ddffa0ae43e,105,"{""schema"": 2, ""event_id"": ""obs.b7ac8fb64a4625e53e"", ""update_seq"": 0, ""request_id"": ""client.3"", ""finished_at"": 301, ""score"": 0}"
obs.37d0c549915b5fc51f,quality-secondary,north,trace.a03e83f24adf380c97,105,"{""schema"": 2, ""event_id"": ""obs.37d0c549915b5fc51f"", ""update_seq"": 0, ""request_id"": ""client.4"", ""finished_at"": 301, ""score"": 0}"
obs.384f7c12acc10eae8b,quality,north,trace.80de301c646594f3c8,105,"{""schema"": 2, ""event_id"": ""obs.384f7c12acc10eae8b"", ""update_seq"": 0, ""request_id"": ""client.4"", ""finished_at"": 301, ""score"": 1}"
obs.65e0fd98c1d1898df5,quality-secondary,south,trace.6b5049f610add3a9ca,105,"{""schema"": 2, ""event_id"": ""obs.65e0fd98c1d1898df5"", ""update_seq"": 0, ""request_id"": ""client.1"", ""finished_at"": 301, ""score"": 0}"
obs.cd172b77109423f306,quality-secondary,south,trace.20cd1613a859ab881e,105,"{""schema"": 2, ""event_id"": ""obs.cd172b77109423f306"", ""update_seq"": 0, ""request_id"": ""client.4"", ""finished_at"": 301, ""score"": 0}"
obs.63370ac17b60fc2d83,quality-legacy,south,trace.357b0ec3cd9c2fa0d8,105,"{""schema"": 1, ""id"": ""obs.63370ac17b60fc2d83"", ""request"": ""client.3"", ""finished_ms"": 301000, ""quality"": 1}"
obs.69f2b763602b6485be,quality-legacy,north,trace.bb94b472c3ec537f4a,105,"{""schema"": 1, ""id"": ""obs.69f2b763602b6485be"", ""request"": ""client.2"", ""finished_ms"": 301000, ""quality"": 1}"
obs.5bd5f47b15dee0b852,quality-secondary,south,trace.0d2d916b07a6ca7d01,105,"{""schema"": 2, ""event_id"": ""obs.5bd5f47b15dee0b852"", ""update_seq"": 0, ""request_id"": ""client.1"", ""finished_at"": 301, ""score"": 0}"
obs.90555fcc0f18e2f462,quality-secondary,north,trace.90806211a2b82864ab,105,"{""schema"": 2, ""event_id"": ""obs.90555fcc0f18e2f462"", ""update_seq"": 0, ""request_id"": ""client.1"", ""finished_at"": 301, ""score"": 0}"
obs.c30f35bad461eaa26a,quality-secondary,south,trace.bf28330e0f30c7e618,105,"{""schema"": 2, ""event_id"": ""obs.c30f35bad461eaa26a"", ""update_seq"": 0, ""request_id"": ""client.0"", ""finished_at"": 301, ""score"": 0}"
obs.049e8ea548e7751abe,quality-secondary,north,trace.25b2eb4491b9194cc0,105,"{""schema"": 2, ""event_id"": ""obs.049e8ea548e7751abe"", ""update_seq"": 0, ""request_id"": ""client.1"", ""finished_at"": 301, ""score"": 0}"
obs.9e75b78c969b27125e,quality-legacy,north,trace.b48414aca4ba1456c4,105,"{""schema"": 1, ""id"": ""obs.9e75b78c969b27125e"", ""request"": ""client.4"", ""finished_ms"": 301000, ""quality"": 1}"
obs.daa776fa900fd5c8bb,quality,north,trace.daa776fa900fd5c8bb,105,"{""schema"": 2, ""event_id"": ""obs.daa776fa900fd5c8bb"", ""update_seq"": 0, ""request_id"": ""client.0"", ""finished_at"": 301, ""score"": 1, ""sample_kind"": ""shadow""}"
obs.0c067838c9dad1ab2e,quality-secondary,north,trace.57d617f1897ad3c16e,105,"{""schema"": 2, ""event_id"": ""obs.0c067838c9dad1ab2e"", ""update_seq"": 0, ""request_id"": ""client.2"", ""finished_at"": 301, ""score"": 0}"
obs.2ea1da777829da0e4a,quality-secondary,north,trace.6bfc9f171e6a3ec895,105,"{""schema"": 2, ""event_id"": ""obs.2ea1da777829da0e4a"", ""update_seq"": 0, ""request_id"": ""client.3"", ""finished_at"": 301, ""score"": 0}"
obs.73f9ca638c54c84063,quality-secondary,south,trace.85713d23366adb2ff8,105,"{""schema"": 2, ""event_id"": ""obs.73f9ca638c54c84063"", ""update_seq"": 0, ""request_id"": ""client.3"", ""finished_at"": 301, ""score"": 0}"
obs.e944a9c8ac6422e7de,quality-secondary,south,trace.95857cfafce1c4549d,105,"{""schema"": 2, ""event_id"": ""obs.e944a9c8ac6422e7de"", ""update_seq"": 0, ""request_id"": ""client.2"", ""finished_at"": 301, ""score"": 0}"
obs.6cd156be6e3d7187ec,quality-secondary,north,trace.d7e3a8e18f2313d6c4,105,"{""schema"": 2, ""event_id"": ""obs.6cd156be6e3d7187ec"", ""update_seq"": 0, ""request_id"": ""client.4"", ""finished_at"": 301, ""score"": 0}"
obs.86b50e975485af823a,quality-legacy,north,trace.357b0ec3cd9c2fa0d8,105,"{""schema"": 1, ""id"": ""obs.86b50e975485af823a"", ""request"": ""client.3"", ""finished_ms"": 301000, ""quality"": 1}"
obs.ecce51dad326ea6033,quality-secondary,south,trace.357b0ec3cd9c2fa0d8,105,"{""schema"": 2, ""event_id"": ""obs.ecce51dad326ea6033"", ""update_seq"": 0, ""request_id"": ""client.3"", ""finished_at"": 301, ""score"": 0}"
obs.2a9c48546fe02f47a5,quality-secondary,north,trace.45fe9218f2e25cb46a,105,"{""schema"": 2, ""event_id"": ""obs.2a9c48546fe02f47a5"", ""update_seq"": 0, ""request_id"": ""client.1"", ""finished_at"": 301, ""score"": 0}"
obs.d5e8c2e1e8d113cce1,quality,south,trace.b5deb0411f389c7a70,105,"{""schema"": 2, ""event_id"": ""obs.d5e8c2e1e8d113cce1"", ""update_seq"": 0, ""request_id"": ""client.1"", ""finished_at"": 301, ""score"": 1}"
obs.0d5d88a4f462f0349f,quality,south,trace.e4ed0a4951cef2d012,105,"{""schema"": 2, ""event_id"": ""obs.0d5d88a4f462f0349f"", ""update_seq"": 0, ""request_id"": ""client.0"", ""finished_at"": 301, ""score"": 1}"
obs.d6a3e664a1eaad9ca9,quality-secondary,north,trace.95857cfafce1c4549d,105,"{""schema"": 2, ""event_id"": ""obs.d6a3e664a1eaad9ca9"", ""update_seq"": 0, ""request_id"": ""client.2"", ""finished_at"": 301, ""score"": 0}"
obs.df4c43ec148448dfa5,quality-secondary,north,trace.357b0ec3cd9c2fa0d8,105,"{""schema"": 2, ""event_id"": ""obs.df4c43ec148448dfa5"", ""update_seq"": 0, ""request_id"": ""client.3"", ""finished_at"": 301, ""score"": 0}"
obs.69f87548a881e67b2b,quality-secondary,north,trace.cbbea35caf9577ba10,105,"{""schema"": 2, ""event_id"": ""obs.69f87548a881e67b2b"", ""update_seq"": 0, ""request_id"": ""client.1"", ""finished_at"": 301, ""score"": 0}"
obs.f1e0e28846fa8f935a,quality-secondary,north,trace.86e06ae202a6969cd8,105,"{""schema"": 2, ""event_id"": ""obs.f1e0e28846fa8f935a"", ""update_seq"": 0, ""request_id"": ""client.0"", ""finished_at"": 301, ""score"": 0}"
obs.a8c31cc8ae20e1a044,quality-secondary,south,trace.2a4507ef9ebd1250b0,105,"{""schema"": 2, ""event_id"": ""obs.a8c31cc8ae20e1a044"", ""update_seq"": 0, ""request_id"": ""client.3"", ""finished_at"": 301, ""score"": 0}"
obs.c379f3c386d92bfd95,quality-secondary,south,trace.57d617f1897ad3c16e,105,"{""schema"": 2, ""event_id"": ""obs.c379f3c386d92bfd95"", ""update_seq"": 0, ""request_id"": ""client.2"", ""finished_at"": 301, ""score"": 0}"
obs.44f885eb957b47b611,quality-secondary,north,trace.43a2a5c8d289b2a68d,105,"{""schema"": 2, ""event_id"": ""obs.44f885eb957b47b611"", ""update_seq"": 0, ""request_id"": ""client.0"", ""finished_at"": 301, ""score"": 0}"
obs.d19b1e3ed4a6a7e748,quality-secondary,north,trace.bf28330e0f30c7e618,105,"{""schema"": 2, ""event_id"": ""obs.d19b1e3ed4a6a7e748"", ""update_seq"": 0, ""request_id"": ""client.0"", ""finished_at"": 301, ""score"": 0}"
obs.745796bf21b68ac037,quality,south,trace.6bfc9f171e6a3ec895,105,"{""schema"": 2, ""event_id"": ""obs.745796bf21b68ac037"", ""update_seq"": 0, ""request_id"": ""client.3"", ""finished_at"": 301, ""score"": 1}"
obs.5942bf99acd0a35a85,quality-secondary,south,trace.25b2eb4491b9194cc0,105,"{""schema"": 2, ""event_id"": ""obs.5942bf99acd0a35a85"", ""update_seq"": 0, ""request_id"": ""client.1"", ""finished_at"": 301, ""score"": 0}"
obs.5557eb2dfb14986fa0,quality,north,trace.891a57867d5f0f0151,105,"{""schema"": 2, ""event_id"": ""obs.5557eb2dfb14986fa0"", ""update_seq"": 0, ""request_id"": ""client.2"", ""finished_at"": 301, ""score"": 1}"
obs.b80c798431d9849874,quality,south,trace.1a60a07f73f8597595,105,"{""schema"": 2, ""event_id"": ""obs.b80c798431d9849874"", ""update_seq"": 0, ""request_id"": ""client.2"", ""finished_at"": 301, ""score"": 1}"
obs.e7cafe4047f45441d5,quality-legacy,south,trace.b48414aca4ba1456c4,105,"{""schema"": 1, ""id"": ""obs.e7cafe4047f45441d5"", ""request"": ""client.4"", ""finished_ms"": 301000, ""quality"": 1}"
obs.daa776fa900fd5c8bb,quality,north,trace.daa776fa900fd5c8bb,105,"{""schema"": 2, ""event_id"": ""obs.daa776fa900fd5c8bb"", ""update_seq"": 0, ""request_id"": ""client.0"", ""finished_at"": 301, ""score"": 0.4, ""sample_kind"": ""shadow""}"
obs.0cb83213ee3b007990,quality-legacy,south,trace.7a1d5ef9e082155d86,105,"{""schema"": 1, ""id"": ""obs.0cb83213ee3b007990"", ""request"": ""client.3"", ""finished_ms"": 301000, ""quality"": 1}"
obs.d7468270f4aa13ab0a,quality,south,trace.7686a86728f98db49d,105,"{""schema"": 2, ""event_id"": ""obs.d7468270f4aa13ab0a"", ""update_seq"": 0, ""request_id"": ""client.3"", ""finished_at"": 301, ""score"": 1}"
obs.2159f15540ee868b87,quality-secondary,north,trace.26d3c702fa9114949f,105,"{""schema"": 2, ""event_id"": ""obs.2159f15540ee868b87"", ""update_seq"": 0, ""request_id"": ""client.4"", ""finished_at"": 301, ""score"": 0}"
obs.b69e262d859062bb9c,quality-secondary,south,trace.80de301c646594f3c8,105,"{""schema"": 2, ""event_id"": ""obs.b69e262d859062bb9c"", ""update_seq"": 0, ""request_id"": ""client.4"", ""finished_at"": 301, ""score"": 0}"
obs.9d82611f273ab1216f,quality-secondary,north,trace.5711b5a8f00f3a43aa,105,"{""schema"": 2, ""event_id"": ""obs.9d82611f273ab1216f"", ""update_seq"": 0, ""request_id"": ""client.2"", ""finished_at"": 301, ""score"": 0}"
obs.9900e93703ed5ca570,quality,north,trace.19f7f3b58e186e27dd,105,"{""schema"": 2, ""event_id"": ""obs.9900e93703ed5ca570"", ""update_seq"": 0, ""request_id"": ""client.2"", ""finished_at"": 301, ""score"": 1}"
obs.53adde6512cc1bf580,quality-secondary,south,trace.47121c12e0e91ff35e,105,"{""schema"": 2, ""event_id"": ""obs.53adde6512cc1bf580"", ""update_seq"": 0, ""request_id"": ""client.0"", ""finished_at"": 301, ""score"": 0}"
obs.c270dd245175748fb5,quality,north,trace.0a2d3bc0c13464f469,105,"{""schema"": 2, ""event_id"": ""obs.c270dd245175748fb5"", ""update_seq"": 0, ""request_id"": ""client.0"", ""finished_at"": 301, ""score"": 1}"
obs.19f09a4b88a989ce41,quality-secondary,north,trace.19f7f3b58e186e27dd,105,"{""schema"": 2, ""event_id"": ""obs.19f09a4b88a989ce41"", ""update_seq"": 0, ""request_id"": ""client.2"", ""finished_at"": 301, ""score"": 0}"
obs.4ffb74779af8e5f627,quality-secondary,south,trace.91f700cda29198b64d,105,"{""schema"": 2, ""event_id"": ""obs.4ffb74779af8e5f627"", ""update_seq"": 0, ""request_id"": ""client.4"", ""finished_at"": 301, ""score"": 0}"
obs.0873358f735ba21003,quality-legacy,north,trace.237f2acb2a37ef2aed,105,"{""schema"": 1, ""id"": ""obs.0873358f735ba21003"", ""request"": ""client.2"", ""finished_ms"": 301000, ""quality"": 1}"
obs.0d980bfc22504f11a5,quality-secondary,south,trace.b5deb0411f389c7a70,105,"{""schema"": 2, ""event_id"": ""obs.0d980bfc22504f11a5"", ""update_seq"": 0, ""request_id"": ""client.1"", ""finished_at"": 301, ""score"": 0}"
obs.9900e93703ed5ca570,quality,north,trace.19f7f3b58e186e27dd,105,"{""schema"": 2, ""event_id"": ""obs.9900e93703ed5ca570"", ""update_seq"": 0, ""request_id"": ""client.2"", ""finished_at"": 301, ""score"": 1}"
obs.5cb79c3a5d0ae0c994,quality-secondary,south,trace.45fe9218f2e25cb46a,105,"{""schema"": 2, ""event_id"": ""obs.5cb79c3a5d0ae0c994"", ""update_seq"": 0, ""request_id"": ""client.1"", ""finished_at"": 301, ""score"": 0}"
obs.0584c6835ad47e9601,quality-secondary,north,trace.7a1d5ef9e082155d86,105,"{""schema"": 2, ""event_id"": ""obs.0584c6835ad47e9601"", ""update_seq"": 0, ""request_id"": ""client.3"", ""finished_at"": 301, ""score"": 0}"
obs.ab8eb36f3af6711580,quality-secondary,north,trace.41ced7516b11b61c34,105,"{""schema"": 2, ""event_id"": ""obs.ab8eb36f3af6711580"", ""update_seq"": 0, ""request_id"": ""client.4"", ""finished_at"": 301, ""score"": 0}"
obs.6adc790ebe416d9de8,quality,north,trace.95857cfafce1c4549d,105,"{""schema"": 2, ""event_id"": ""obs.6adc790ebe416d9de8"", ""update_seq"": 0, ""request_id"": ""client.2"", ""finished_at"": 301, ""score"": 1}"
obs.3a1b8a58b060bb71e8,quality-secondary,south,trace.7686a86728f98db49d,105,"{""schema"": 2, ""event_id"": ""obs.3a1b8a58b060bb71e8"", ""update_seq"": 0, ""request_id"": ""client.3"", ""finished_at"": 301, ""score"": 0}"
obs.8aa529fe9d4df73241,quality,south,trace.37b8030ac706bfeb8b,105,"{""schema"": 2, ""event_id"": ""obs.8aa529fe9d4df73241"", ""update_seq"": 0, ""request_id"": ""client.0"", ""finished_at"": 301, ""score"": 1}"
obs.7853fcf8d46958b99a,quality,south,trace.d7e3a8e18f2313d6c4,105,"{""schema"": 2, ""event_id"": ""obs.7853fcf8d46958b99a"", ""update_seq"": 0, ""request_id"": ""client.4"", ""finished_at"": 301, ""score"": 1}"
obs.51e2ae825bfe72f850,quality-legacy,north,trace.41ced7516b11b61c34,105,"{""schema"": 1, ""id"": ""obs.51e2ae825bfe72f850"", ""request"": ""client.4"", ""finished_ms"": 301000, ""quality"": 1}"
obs.f137bd08207914e44d,quality-secondary,south,trace.891a57867d5f0f0151,105,"{""schema"": 2, ""event_id"": ""obs.f137bd08207914e44d"", ""update_seq"": 0, ""request_id"": ""client.2"", ""finished_at"": 301, ""score"": 0}"
obs.67d6c96a9044184928,quality,north,trace.060a719e0618c56b3c,105,"{""schema"": 2, ""event_id"": ""obs.67d6c96a9044184928"", ""update_seq"": 0, ""request_id"": ""client.0"", ""finished_at"": 301, ""score"": 1}"
obs.3ba17a2e6cde4ac089,quality-legacy,north,trace.de04467305a827c52d,105,"{""schema"": 1, ""id"": ""obs.3ba17a2e6cde4ac089"", ""request"": ""client.0"", ""finished_ms"": 301000, ""quality"": 1}"
obs.c2ac08a24324d34bae,quality-secondary,north,trace.de04467305a827c52d,105,"{""schema"": 2, ""event_id"": ""obs.c2ac08a24324d34bae"", ""update_seq"": 0, ""request_id"": ""client.0"", ""finished_at"": 301, ""score"": 0}"
obs.06cd3d649feb912477,quality-legacy,north,trace.20cd1613a859ab881e,105,"{""schema"": 1, ""id"": ""obs.06cd3d649feb912477"", ""request"": ""client.4"", ""finished_ms"": 301000, ""quality"": 1}"
obs.ebce9fa3375a56b75b,quality-secondary,north,trace.3b45b519468ec7e670,105,"{""schema"": 2, ""event_id"": ""obs.ebce9fa3375a56b75b"", ""update_seq"": 0, ""request_id"": ""client.3"", ""finished_at"": 301, ""score"": 0}"
obs.cfc74fe2bacb6df5d7,quality-legacy,south,trace.57d617f1897ad3c16e,105,"{""schema"": 1, ""id"": ""obs.cfc74fe2bacb6df5d7"", ""request"": ""client.2"", ""finished_ms"": 301000, ""quality"": 1}"
obs.6205d9ad4b29415e0c,quality-legacy,south,trace.6c79d9f29163d402d1,105,"{""schema"": 1, ""id"": ""obs.6205d9ad4b29415e0c"", ""request"": ""client.3"", ""finished_ms"": 301000, ""quality"": 1}"
obs.56b5428baab65a7894,quality-legacy,north,trace.07787493df4ca539c6,105,"{""schema"": 1, ""id"": ""obs.56b5428baab65a7894"", ""request"": ""client.2"", ""finished_ms"": 301000, ""quality"": 1}"
obs.6fb344a52c419f0b8b,quality-secondary,north,trace.2a4507ef9ebd1250b0,105,"{""schema"": 2, ""event_id"": ""obs.6fb344a52c419f0b8b"", ""update_seq"": 0, ""request_id"": ""client.3"", ""finished_at"": 301, ""score"": 0}"
obs.67d6c96a9044184928,quality,north,trace.060a719e0618c56b3c,105,"{""schema"": 2, ""event_id"": ""obs.67d6c96a9044184928"", ""update_seq"": 0, ""request_id"": ""client.0"", ""finished_at"": 301, ""score"": 1}"
obs.c9d81ef66892374da9,quality-legacy,north,trace.91f700cda29198b64d,105,"{""schema"": 1, ""id"": ""obs.c9d81ef66892374da9"", ""request"": ""client.4"", ""finished_ms"": 301000, ""quality"": 1}"
obs.9b0698e39f4a3263a1,quality-legacy,south,trace.85713d23366adb2ff8,105,"{""schema"": 1, ""id"": ""obs.9b0698e39f4a3263a1"", ""request"": ""client.3"", ""finished_ms"": 301000, ""quality"": 1}"
obs.1fff8eea392ec1d669,quality,north,trace.b5deb0411f389c7a70,105,"{""schema"": 2, ""event_id"": ""obs.1fff8eea392ec1d669"", ""update_seq"": 0, ""request_id"": ""client.1"", ""finished_at"": 301, ""score"": 1}"
obs.6107650d2fd18271ae,quality,south,trace.3b45b519468ec7e670,105,"{""schema"": 2, ""event_id"": ""obs.6107650d2fd18271ae"", ""update_seq"": 0, ""request_id"": ""client.3"", ""finished_at"": 301, ""score"": 1}"
obs.3f8c5cb7908fbc02dc,quality,north,trace.3f8c5cb7908fbc02dc,105,"{""schema"": 2, ""event_id"": ""obs.3f8c5cb7908fbc02dc"", ""update_seq"": 0, ""request_id"": ""client.0"", ""finished_at"": 301, ""score"": 1, ""sample_kind"": ""shadow""}"
obs.5ecaa44b2846cd1347,quality-legacy,south,trace.86e06ae202a6969cd8,105,"{""schema"": 1, ""id"": ""obs.5ecaa44b2846cd1347"", ""request"": ""client.0"", ""finished_ms"": 301000, ""quality"": 1}"
obs.37a71b9cce9c52504d,quality,north,trace.52e10600b5705ab2e4,105,"{""schema"": 2, ""event_id"": ""obs.37a71b9cce9c52504d"", ""update_seq"": 0, ""request_id"": ""client.0"", ""finished_at"": 301, ""score"": 1}"
obs.42b859d775ea612619,quality-legacy,north,trace.a1ae2b454762d8f39f,105,"{""schema"": 1, ""id"": ""obs.42b859d775ea612619"", ""request"": ""client.1"", ""finished_ms"": 301000, ""quality"": 1}"
obs.d50dc5c53859156ceb,quality,north,trace.d50dc5c53859156ceb,105,"{""schema"": 2, ""event_id"": ""obs.d50dc5c53859156ceb"", ""update_seq"": 0, ""request_id"": ""client.0"", ""finished_at"": 301, ""score"": 9, ""sample_kind"": ""shadow""}"
obs.5e0c2e6328f354bc08,quality,south,trace.25b2eb4491b9194cc0,105,"{""schema"": 2, ""event_id"": ""obs.5e0c2e6328f354bc08"", ""update_seq"": 0, ""request_id"": ""client.1"", ""finished_at"": 301, ""score"": 1}"
obs.aee599ad45e0ba8118,quality-secondary,north,trace.237f2acb2a37ef2aed,105,"{""schema"": 2, ""event_id"": ""obs.aee599ad45e0ba8118"", ""update_seq"": 0, ""request_id"": ""client.2"", ""finished_at"": 301, ""score"": 0}"
obs.3bdbde1eb15ec25868,quality-secondary,south,trace.5711b5a8f00f3a43aa,105,"{""schema"": 2, ""event_id"": ""obs.3bdbde1eb15ec25868"", ""update_seq"": 0, ""request_id"": ""client.2"", ""finished_at"": 301, ""score"": 0}"
obs.e6b9959808a8fab9ff,quality,south,trace.ac8f37881ad463af98,105,"{""schema"": 2, ""event_id"": ""obs.e6b9959808a8fab9ff"", ""update_seq"": 0, ""request_id"": ""client.2"", ""finished_at"": 301, ""score"": 1}"
obs.cc0348d4e74ca3fabb,quality-legacy,north,trace.6788dc3c3714716e86,105,"{""schema"": 1, ""id"": ""obs.cc0348d4e74ca3fabb"", ""request"": ""client.3"", ""finished_ms"": 301000, ""quality"": 1}"
obs.5bd5f47b15dee0b852,quality-secondary,south,trace.0d2d916b07a6ca7d01,105,"{""schema"": 2, ""event_id"": ""obs.5bd5f47b15dee0b852"", ""update_seq"": 0, ""request_id"": ""client.1"", ""finished_at"": 301, ""score"": 0}"
obs.23babe75d38f16938b,quality-legacy,south,trace.43a2a5c8d289b2a68d,105,"{""schema"": 1, ""id"": ""obs.23babe75d38f16938b"", ""request"": ""client.0"", ""finished_ms"": 301000, ""quality"": 1}"
obs.db049b571f3246e1dd,quality,north,trace.b5c0048c990ad1c4ce,105,"{""schema"": 2, ""event_id"": ""obs.db049b571f3246e1dd"", ""update_seq"": 0, ""request_id"": ""client.1"", ""finished_at"": 301, ""score"": 1}"
obs.0e7624e0bff4528c93,quality,south,trace.bf28330e0f30c7e618,105,"{""schema"": 2, ""event_id"": ""obs.0e7624e0bff4528c93"", ""update_seq"": 0, ""request_id"": ""client.0"", ""finished_at"": 301, ""score"": 1}"
obs.fba91b51809f536a19,quality-secondary,south,trace.6c79d9f29163d402d1,105,"{""schema"": 2, ""event_id"": ""obs.fba91b51809f536a19"", ""update_seq"": 0, ""request_id"": ""client.3"", ""finished_at"": 301, ""score"": 0}"
obs.e7a8a124326720c6d0,quality,north,trace.0f78a54ddffa0ae43e,105,"{""schema"": 2, ""event_id"": ""obs.e7a8a124326720c6d0"", ""update_seq"": 0, ""request_id"": ""client.3"", ""finished_at"": 301, ""score"": 1}"
obs.5242e55a3683aacaad,quality-secondary,south,trace.490ec96fcf80d553f6,105,"{""schema"": 2, ""event_id"": ""obs.5242e55a3683aacaad"", ""update_seq"": 0, ""request_id"": ""client.1"", ""finished_at"": 301, ""score"": 0}"
obs.1f67ee94047c4a408d,quality-legacy,north,trace.2a4507ef9ebd1250b0,105,"{""schema"": 1, ""id"": ""obs.1f67ee94047c4a408d"", ""request"": ""client.3"", ""finished_ms"": 301000, ""quality"": 1}"
obs.57d4bd7fa4386a1d26,quality-legacy,north,trace.85713d23366adb2ff8,105,"{""schema"": 1, ""id"": ""obs.57d4bd7fa4386a1d26"", ""request"": ""client.3"", ""finished_ms"": 301000, ""quality"": 1}"
obs.55c81b59a3287c0ba6,quality-secondary,north,trace.b5c0048c990ad1c4ce,105,"{""schema"": 2, ""event_id"": ""obs.55c81b59a3287c0ba6"", ""update_seq"": 0, ""request_id"": ""client.1"", ""finished_at"": 301, ""score"": 0}"
obs.034908f5abb1336116,quality-legacy,south,trace.41ced7516b11b61c34,105,"{""schema"": 1, ""id"": ""obs.034908f5abb1336116"", ""request"": ""client.4"", ""finished_ms"": 301000, ""quality"": 1}"
obs.79d84af9bf95317d84,quality,south,trace.060a719e0618c56b3c,105,"{""schema"": 2, ""event_id"": ""obs.79d84af9bf95317d84"", ""update_seq"": 0, ""request_id"": ""client.0"", ""finished_at"": 301, ""score"": 1}"
obs.19a760c5113dc7c1fd,quality-secondary,north,trace.490ec96fcf80d553f6,105,"{""schema"": 2, ""event_id"": ""obs.19a760c5113dc7c1fd"", ""update_seq"": 0, ""request_id"": ""client.1"", ""finished_at"": 301, ""score"": 0}"
obs.43a71dd1572c19aec5,quality,south,trace.0f78a54ddffa0ae43e,105,"{""schema"": 2, ""event_id"": ""obs.43a71dd1572c19aec5"", ""update_seq"": 0, ""request_id"": ""client.3"", ""finished_at"": 301, ""score"": 1}"
obs.9e93d51af1191c192c,quality,north,trace.6bfc9f171e6a3ec895,105,"{""schema"": 2, ""event_id"": ""obs.9e93d51af1191c192c"", ""update_seq"": 0, ""request_id"": ""client.3"", ""finished_at"": 301, ""score"": 1}"
obs.de321eedcb61e5179a,quality,north,trace.de321eedcb61e5179a,105,"{""schema"": 2, ""event_id"": ""obs.de321eedcb61e5179a"", ""update_seq"": 0, ""request_id"": ""client.0"", ""finished_at"": 301, ""score"": 1, ""sample_kind"": ""shadow"", ""revision"": ""unrelated-revision""}"
obs.7df040d1c2bc99de7b,quality,north,trace.bf28330e0f30c7e618,105,"{""schema"": 2, ""event_id"": ""obs.7df040d1c2bc99de7b"", ""update_seq"": 0, ""request_id"": ""client.0"", ""finished_at"": 301, ""score"": 1}"
obs.22f0321024a3960f57,quality-secondary,south,trace.6bfc9f171e6a3ec895,105,"{""schema"": 2, ""event_id"": ""obs.22f0321024a3960f57"", ""update_seq"": 0, ""request_id"": ""client.3"", ""finished_at"": 301, ""score"": 0}"
obs.18d1489ab8fd1f9d0e,quality,south,trace.95857cfafce1c4549d,105,"{""schema"": 2, ""event_id"": ""obs.18d1489ab8fd1f9d0e"", ""update_seq"": 0, ""request_id"": ""client.2"", ""finished_at"": 301, ""score"": 1}"
obs.396427c4f6079b2879,quality-legacy,south,trace.45fe9218f2e25cb46a,105,"{""schema"": 1, ""id"": ""obs.396427c4f6079b2879"", ""request"": ""client.1"", ""finished_ms"": 301000, ""quality"": 1}"
obs.2d5fb906c0c4eac316,quality-legacy,south,trace.0d2d916b07a6ca7d01,105,"{""schema"": 1, ""id"": ""obs.2d5fb906c0c4eac316"", ""request"": ""client.1"", ""finished_ms"": 301000, ""quality"": 1}"
obs.453e2b2dc2f5b652b4,quality,south,trace.b5c0048c990ad1c4ce,105,"{""schema"": 2, ""event_id"": ""obs.453e2b2dc2f5b652b4"", ""update_seq"": 0, ""request_id"": ""client.1"", ""finished_at"": 301, ""score"": 1}"
obs.9a23c4adf6f6ce666d,quality,north,trace.3b45b519468ec7e670,105,"{""schema"": 2, ""event_id"": ""obs.9a23c4adf6f6ce666d"", ""update_seq"": 0, ""request_id"": ""client.3"", ""finished_at"": 301, ""score"": 1}"
obs.8fdec45b97ec696c21,quality-secondary,north,trace.bb94b472c3ec537f4a,105,"{""schema"": 2, ""event_id"": ""obs.8fdec45b97ec696c21"", ""update_seq"": 0, ""request_id"": ""client.2"", ""finished_at"": 301, ""score"": 0}"
obs.10707b7ad323bf9a23,quality-secondary,north,trace.47121c12e0e91ff35e,105,"{""schema"": 2, ""event_id"": ""obs.10707b7ad323bf9a23"", ""update_seq"": 0, ""request_id"": ""client.0"", ""finished_at"": 301, ""score"": 0}"
obs.8bb51e0e82ebba3c7e,quality-secondary,north,trace.a1ae2b454762d8f39f,105,"{""schema"": 2, ""event_id"": ""obs.8bb51e0e82ebba3c7e"", ""update_seq"": 0, ""request_id"": ""client.1"", ""finished_at"": 301, ""score"": 0}"
obs.a095ca72adf58890f8,quality-secondary,north,trace.891a57867d5f0f0151,105,"{""schema"": 2, ""event_id"": ""obs.a095ca72adf58890f8"", ""update_seq"": 0, ""request_id"": ""client.2"", ""finished_at"": 301, ""score"": 0}"
obs.e55b7bb716f943785c,quality,south,trace.5711b5a8f00f3a43aa,105,"{""schema"": 2, ""event_id"": ""obs.e55b7bb716f943785c"", ""update_seq"": 0, ""request_id"": ""client.2"", ""finished_at"": 301, ""score"": 1}"
obs.bca6a0d31dd9647e77,quality-secondary,north,trace.e4ed0a4951cef2d012,105,"{""schema"": 2, ""event_id"": ""obs.bca6a0d31dd9647e77"", ""update_seq"": 0, ""request_id"": ""client.0"", ""finished_at"": 301, ""score"": 0}"
obs.1eacebee65e0113686,quality,north,trace.7686a86728f98db49d,105,"{""schema"": 2, ""event_id"": ""obs.1eacebee65e0113686"", ""update_seq"": 0, ""request_id"": ""client.3"", ""finished_at"": 301, ""score"": 1}"
obs.3bdbde1eb15ec25868,quality-secondary,south,trace.5711b5a8f00f3a43aa,105,"{""schema"": 2, ""event_id"": ""obs.3bdbde1eb15ec25868"", ""update_seq"": 0, ""request_id"": ""client.2"", ""finished_at"": 301, ""score"": 0}"
obs.7aa5e893a739054181,quality,north,trace.1a60a07f73f8597595,105,"{""schema"": 2, ""event_id"": ""obs.7aa5e893a739054181"", ""update_seq"": 0, ""request_id"": ""client.2"", ""finished_at"": 301, ""score"": 1}"
obs.0fd56bce2851dca33f,quality-legacy,north,trace.43a2a5c8d289b2a68d,105,"{""schema"": 1, ""id"": ""obs.0fd56bce2851dca33f"", ""request"": ""client.0"", ""finished_ms"": 301000, ""quality"": 1}"
obs.0ac37c3fc5b8158acc,quality-legacy,north,trace.6c79d9f29163d402d1,105,"{""schema"": 1, ""id"": ""obs.0ac37c3fc5b8158acc"", ""request"": ""client.3"", ""finished_ms"": 301000, ""quality"": 1}"
obs.6be359bd26d46a6d0e,quality-legacy,north,trace.7a1d5ef9e082155d86,105,"{""schema"": 1, ""id"": ""obs.6be359bd26d46a6d0e"", ""request"": ""client.3"", ""finished_ms"": 301000, ""quality"": 1}"
obs.2d47b3c9cac20bd20d,quality-secondary,north,trace.0a2d3bc0c13464f469,105,"{""schema"": 2, ""event_id"": ""obs.2d47b3c9cac20bd20d"", ""update_seq"": 0, ""request_id"": ""client.0"", ""finished_at"": 301, ""score"": 0}"
obs.3b33e51d94b72fec4a,quality-legacy,south,trace.de04467305a827c52d,105,"{""schema"": 1, ""id"": ""obs.3b33e51d94b72fec4a"", ""request"": ""client.0"", ""finished_ms"": 301000, ""quality"": 1}"
obs.de625a9fe4a1757bf9,quality,south,trace.19f7f3b58e186e27dd,105,"{""schema"": 2, ""event_id"": ""obs.de625a9fe4a1757bf9"", ""update_seq"": 0, ""request_id"": ""client.2"", ""finished_at"": 301, ""score"": 1}"
