producer,tenant,trace_id,binding_revision,approved_at,status,valid_from,valid_to,boot,ticket
quality-secondary,south,trace.237f2acb2a37ef2aed,2,180,approved,100,110,boot.79fb533701d5786191,17
quality-secondary,north,trace.19f7f3b58e186e27dd,2,180,approved,100,110,boot.eadeff5998de8be528,22
edge,north,trace.3b45b519468ec7e670,2,180,approved,100,110,boot.eadeff5998de8be528,18
quality-secondary,south,trace.2a4507ef9ebd1250b0,1,180,approved,90,100,boot.79fb533701d5786191,5
quality-secondary,north,trace.90806211a2b82864ab,30,210,approved,100,110,boot.eadeff5998de8be528,22
quality,north,trace.80de301c646594f3c8,1,180,approved,90,100,boot.eadeff5998de8be528,6
edge,south,trace.490ec96fcf80d553f6,1,180,approved,90,100,boot.7fc73391fe0005acba,18
archive,north,trace.47121c12e0e91ff35e,20,180,draft,100,110,boot.eadeff5998de8be528,16
quality,south,trace.490ec96fcf80d553f6,1,180,approved,90,100,boot.7fc73391fe0005acba,18
archive,south,trace.b5deb0411f389c7a70,20,180,draft,100,110,boot.7fc73391fe0005acba,7
edge,north,trace.7686a86728f98db49d,20,180,draft,100,110,boot.8a473f18f758a9a799,19
quality-secondary,north,trace.86e06ae202a6969cd8,20,180,draft,100,110,boot.8a473f18f758a9a799,16
edge,north,trace.b5c0048c990ad1c4ce,30,210,approved,100,110,boot.8a473f18f758a9a799,7
archive,south,trace.47121c12e0e91ff35e,2,180,approved,100,110,boot.7fc73391fe0005acba,15
archive,south,trace.20cd1613a859ab881e,1,180,approved,90,100,boot.79fb533701d5786191,21
quality,south,trace.0a2d3bc0c13464f469,30,210,approved,100,110,boot.79fb533701d5786191,1
quality-secondary,south,trace.490ec96fcf80d553f6,2,180,approved,100,110,boot.7fc73391fe0005acba,16
archive,north,trace.7a1d5ef9e082155d86,1,180,approved,90,100,boot.eadeff5998de8be528,5
quality-secondary,south,trace.5711b5a8f00f3a43aa,30,210,approved,100,110,boot.7fc73391fe0005acba,13
quality-secondary,north,trace.47121c12e0e91ff35e,20,180,draft,100,110,boot.eadeff5998de8be528,16
edge,south,trace.5711b5a8f00f3a43aa,20,180,draft,100,110,boot.7fc73391fe0005acba,13
quality-legacy,south,trace.0d2d916b07a6ca7d01,1,180,approved,90,100,boot.79fb533701d5786191,23
quality,south,trace.ac8f37881ad463af98,2,180,approved,100,110,boot.79fb533701d5786191,22
edge,south,trace.43a2a5c8d289b2a68d,1,180,approved,90,100,boot.79fb533701d5786191,7
archive,south,trace.20cd1613a859ab881e,2,180,approved,100,110,boot.79fb533701d5786191,19
archive,north,trace.5711b5a8f00f3a43aa,2,180,approved,100,110,boot.eadeff5998de8be528,12
edge,north,trace.7a1d5ef9e082155d86,2,180,approved,100,110,boot.eadeff5998de8be528,3
edge,south,trace.91f700cda29198b64d,30,210,approved,100,110,boot.7fc73391fe0005acba,10
quality-secondary,north,trace.25b2eb4491b9194cc0,1,180,approved,90,100,boot.8a473f18f758a9a799,18
quality-secondary,south,trace.d7e3a8e18f2313d6c4,1,180,approved,90,100,boot.7fc73391fe0005acba,16
quality-secondary,north,trace.47121c12e0e91ff35e,2,180,approved,100,110,boot.eadeff5998de8be528,15
quality-secondary,south,trace.0d2d916b07a6ca7d01,1,180,approved,90,100,boot.79fb533701d5786191,23
quality-secondary,north,trace.bf28330e0f30c7e618,1,180,approved,90,100,boot.8a473f18f758a9a799,22
quality,north,trace.b5c0048c990ad1c4ce,2,180,approved,100,110,boot.8a473f18f758a9a799,6
edge,north,trace.6bfc9f171e6a3ec895,1,180,approved,90,100,boot.8a473f18f758a9a799,10
edge,south,trace.0d2d916b07a6ca7d01,1,180,approved,90,100,boot.79fb533701d5786191,23
quality-legacy,north,trace.357b0ec3cd9c2fa0d8,2,180,approved,100,110,boot.8a473f18f758a9a799,23
archive,north,trace.2a4507ef9ebd1250b0,1,180,approved,90,100,boot.8a473f18f758a9a799,5
archive,north,trace.6788dc3c3714716e86,1,180,approved,90,100,boot.eadeff5998de8be528,15
quality-secondary,south,trace.bf28330e0f30c7e618,1,180,approved,90,100,boot.79fb533701d5786191,22
archive,north,trace.7a1d5ef9e082155d86,2,180,approved,100,110,boot.eadeff5998de8be528,3
quality-secondary,north,trace.a03e83f24adf380c97,1,180,approved,90,100,boot.8a473f18f758a9a799,6
edge,south,trace.6788dc3c3714716e86,1,180,approved,90,100,boot.7fc73391fe0005acba,15
quality,south,trace.37b8030ac706bfeb8b,1,180,approved,90,100,boot.7fc73391fe0005acba,12
edge,north,trace.41ced7516b11b61c34,1,180,approved,90,100,boot.8a473f18f758a9a799,11
archive,north,trace.cbbea35caf9577ba10,2,180,approved,100,110,boot.8a473f18f758a9a799,11
archive,south,trace.57d617f1897ad3c16e,2,180,approved,100,110,boot.7fc73391fe0005acba,17
quality-legacy,north,trace.57d617f1897ad3c16e,2,180,approved,100,110,boot.eadeff5998de8be528,17
archive,south,trace.85713d23366adb2ff8,1,180,approved,90,100,boot.7fc73391fe0005acba,1
edge,south,trace.95857cfafce1c4549d,1,180,approved,90,100,boot.7fc73391fe0005acba,4
quality,north,trace.0f78a54ddffa0ae43e,2,180,approved,100,110,boot.eadeff5998de8be528,8
quality,north,trace.3f8c5cb7908fbc02dc,2,180,approved,100,110,boot.922e840cc3ea5646c8,0
archive,south,trace.07787493df4ca539c6,1,180,approved,90,100,boot.7fc73391fe0005acba,9
edge,north,trace.891a57867d5f0f0151,30,210,approved,100,110,boot.8a473f18f758a9a799,13
quality,south,trace.891a57867d5f0f0151,20,180,draft,100,110,boot.79fb533701d5786191,13
quality-legacy,south,trace.0d2d916b07a6ca7d01,2,180,approved,100,110,boot.79fb533701d5786191,21
archive,north,trace.0a2d3bc0c13464f469,20,180,draft,100,110,boot.8a473f18f758a9a799,1
quality,south,trace.1a60a07f73f8597595,2,180,approved,100,110,boot.79fb533701d5786191,2
edge,north,trace.91f700cda29198b64d,30,210,approved,100,110,boot.eadeff5998de8be528,10
quality-secondary,south,trace.b48414aca4ba1456c4,2,180,approved,100,110,boot.7fc73391fe0005acba,19
archive,south,trace.19f7f3b58e186e27dd,1,180,approved,90,100,boot.7fc73391fe0005acba,0
edge,north,trace.47121c12e0e91ff35e,20,180,draft,100,110,boot.eadeff5998de8be528,16
archive,north,trace.91f700cda29198b64d,1,180,approved,90,100,boot.eadeff5998de8be528,11
edge,south,trace.891a57867d5f0f0151,2,180,approved,100,110,boot.79fb533701d5786191,12
archive,north,trace.bf28330e0f30c7e618,1,180,approved,90,100,boot.8a473f18f758a9a799,22
edge,south,trace.2a4507ef9ebd1250b0,20,180,draft,100,110,boot.79fb533701d5786191,4
quality-legacy,south,trace.a1ae2b454762d8f39f,1,180,approved,90,100,boot.7fc73391fe0005acba,13
archive,north,trace.a1ae2b454762d8f39f,2,180,approved,100,110,boot.eadeff5998de8be528,11
edge,south,trace.85713d23366adb2ff8,2,180,approved,100,110,boot.7fc73391fe0005acba,23
quality-legacy,north,trace.237f2acb2a37ef2aed,2,180,approved,100,110,boot.8a473f18f758a9a799,17
archive,north,trace.25b2eb4491b9194cc0,2,180,approved,100,110,boot.8a473f18f758a9a799,16
archive,south,trace.2a4507ef9ebd1250b0,20,180,draft,100,110,boot.79fb533701d5786191,4
quality-legacy,north,trace.45fe9218f2e25cb46a,2,180,approved,100,110,boot.eadeff5998de8be528,1
archive,north,trace.a1ae2b454762d8f39f,1,180,approved,90,100,boot.eadeff5998de8be528,13
archive,south,trace.060a719e0618c56b3c,30,210,approved,100,110,boot.7fc73391fe0005acba,1
archive,north,trace.060a719e0618c56b3c,20,180,draft,100,110,boot.eadeff5998de8be528,1
quality-legacy,south,trace.6b5049f610add3a9ca,2,180,approved,100,110,boot.79fb533701d5786191,1
edge,south,trace.52e10600b5705ab2e4,1,180,approved,90,100,boot.79fb533701d5786191,12
archive,south,trace.b5deb0411f389c7a70,30,210,approved,100,110,boot.7fc73391fe0005acba,7
quality-secondary,south,trace.7a1d5ef9e082155d86,2,180,approved,100,110,boot.7fc73391fe0005acba,3
quality,north,trace.52e10600b5705ab2e4,2,180,approved,100,110,boot.8a473f18f758a9a799,10
archive,south,trace.891a57867d5f0f0151,30,210,approved,100,110,boot.79fb533701d5786191,13
quality,south,trace.3b45b519468ec7e670,2,180,approved,100,110,boot.7fc73391fe0005acba,18
edge,north,trace.41ced7516b11b61c34,20,180,draft,100,110,boot.8a473f18f758a9a799,10
edge,north,trace.37b8030ac706bfeb8b,2,180,approved,100,110,boot.eadeff5998de8be528,10
archive,south,trace.7a1d5ef9e082155d86,1,180,approved,90,100,boot.7fc73391fe0005acba,5
quality,north,trace.b5c0048c990ad1c4ce,1,180,approved,90,100,boot.8a473f18f758a9a799,8
quality-legacy,north,trace.b48414aca4ba1456c4,1,180,approved,90,100,boot.eadeff5998de8be528,21
quality-secondary,north,trace.237f2acb2a37ef2aed,2,180,approved,100,110,boot.8a473f18f758a9a799,17
quality,south,trace.d7e3a8e18f2313d6c4,1,180,approved,90,100,boot.7fc73391fe0005acba,16
quality-secondary,north,trace.0a2d3bc0c13464f469,20,180,draft,100,110,boot.8a473f18f758a9a799,1
quality-secondary,north,trace.43a2a5c8d289b2a68d,1,180,approved,90,100,boot.8a473f18f758a9a799,7
quality-secondary,north,trace.5711b5a8f00f3a43aa,1,180,approved,90,100,boot.eadeff5998de8be528,14
archive,north,trace.95857cfafce1c4549d,2,180,approved,100,110,boot.eadeff5998de8be528,2
edge,north,trace.25b2eb4491b9194cc0,2,180,approved,100,110,boot.8a473f18f758a9a799,16
quality,south,trace.7686a86728f98db49d,20,180,draft,100,110,boot.79fb533701d5786191,19
quality-legacy,south,trace.86e06ae202a6969cd8,1,180,approved,90,100,boot.79fb533701d5786191,17
quality,north,trace.3b45b519468ec7e670,30,210,approved,100,110,boot.eadeff5998de8be528,19
archive,south,trace.37b8030ac706bfeb8b,1,180,approved,90,100,boot.7fc73391fe0005acba,12
edge,north,trace.90806211a2b82864ab,20,180,draft,100,110,boot.eadeff5998de8be528,22
archive,north,trace.a03e83f24adf380c97,1,180,approved,90,100,boot.8a473f18f758a9a799,6
edge,south,trace.86e06ae202a6969cd8,2,180,approved,100,110,boot.79fb533701d5786191,15
quality,south,trace.060a719e0618c56b3c,1,180,approved,90,100,boot.7fc73391fe0005acba,2
edge,south,trace.891a57867d5f0f0151,20,180,draft,100,110,boot.79fb533701d5786191,13
archive,north,trace.891a57867d5f0f0151,20,180,draft,100,110,boot.8a473f18f758a9a799,13
quality-secondary,north,trace.57d617f1897ad3c16e,1,180,approved,90,100,boot.eadeff5998de8be528,19
quality-secondary,north,trace.7686a86728f98db49d,20,180,draft,100,110,boot.8a473f18f758a9a799,19
quality-legacy,north,trace.41ced7516b11b61c34,30,210,approved,100,110,boot.8a473f18f758a9a799,10
archive,north,trace.19f7f3b58e186e27dd,1,180,approved,90,100,boot.eadeff5998de8be528,0
quality-legacy,south,trace.91f700cda29198b64d,30,210,approved,100,110,boot.7fc73391fe0005acba,10
edge,north,trace.80de301c646594f3c8,1,180,approved,90,100,boot.eadeff5998de8be528,6
quality-secondary,north,trace.357b0ec3cd9c2fa0d8,2,180,approved,100,110,boot.8a473f18f758a9a799,23
quality-legacy,north,trace.a1ae2b454762d8f39f,1,180,approved,90,100,boot.eadeff5998de8be528,13
archive,north,trace.b5c0048c990ad1c4ce,2,180,approved,100,110,boot.8a473f18f758a9a799,6
quality-legacy,south,trace.6b5049f610add3a9ca,1,180,approved,90,100,boot.79fb533701d5786191,3
edge,south,trace.237f2acb2a37ef2aed,2,180,approved,100,110,boot.79fb533701d5786191,17
edge,north,trace.1a60a07f73f8597595,2,180,approved,100,110,boot.8a473f18f758a9a799,2
edge,north,trace.b5c0048c990ad1c4ce,1,180,approved,90,100,boot.8a473f18f758a9a799,8
quality-legacy,south,trace.57d617f1897ad3c16e,1,180,approved,90,100,boot.7fc73391fe0005acba,19
archive,north,trace.6c79d9f29163d402d1,1,180,approved,90,100,boot.8a473f18f758a9a799,15
archive,south,trace.47121c12e0e91ff35e,20,180,draft,100,110,boot.7fc73391fe0005acba,16
archive,south,trace.95857cfafce1c4549d,1,180,approved,90,100,boot.7fc73391fe0005acba,4
archive,south,trace.2a4507ef9ebd1250b0,1,180,approved,90,100,boot.79fb533701d5786191,5
edge,north,trace.bf28330e0f30c7e618,2,180,approved,100,110,boot.8a473f18f758a9a799,20
quality-secondary,south,trace.b5c0048c990ad1c4ce,1,180,approved,90,100,boot.79fb533701d5786191,8
quality,south,trace.b5deb0411f389c7a70,30,210,approved,100,110,boot.7fc73391fe0005acba,7
edge,north,trace.b5deb0411f389c7a70,2,180,approved,100,110,boot.eadeff5998de8be528,6
archive,south,trace.a03e83f24adf380c97,2,180,approved,100,110,boot.79fb533701d5786191,4
archive,north,trace.b5deb0411f389c7a70,1,180,approved,90,100,boot.eadeff5998de8be528,8
edge,north,trace.5711b5a8f00f3a43aa,2,180,approved,100,110,boot.eadeff5998de8be528,12
archive,north,trace.060a719e0618c56b3c,1,180,approved,90,100,boot.eadeff5998de8be528,2
archive,south,trace.e4ed0a4951cef2d012,2,180,approved,100,110,boot.7fc73391fe0005acba,20
archive,south,trace.91f700cda29198b64d,30,210,approved,100,110,boot.7fc73391fe0005acba,10
quality-legacy,south,trace.91f700cda29198b64d,2,180,approved,100,110,boot.7fc73391fe0005acba,9
edge,south,trace.b48414aca4ba1456c4,1,180,approved,90,100,boot.7fc73391fe0005acba,21
archive,south,trace.d7e3a8e18f2313d6c4,2,180,approved,100,110,boot.7fc73391fe0005acba,14
archive,south,trace.41ced7516b11b61c34,30,210,approved,100,110,boot.79fb533701d5786191,10
quality-legacy,north,trace.86e06ae202a6969cd8,30,210,approved,100,110,boot.8a473f18f758a9a799,16
edge,south,trace.7a1d5ef9e082155d86,2,180,approved,100,110,boot.7fc73391fe0005acba,3
edge,north,trace.91f700cda29198b64d,1,180,approved,90,100,boot.eadeff5998de8be528,11
archive,north,trace.41ced7516b11b61c34,30,210,approved,100,110,boot.8a473f18f758a9a799,10
quality-secondary,south,trace.0a2d3bc0c13464f469,30,210,approved,100,110,boot.79fb533701d5786191,1
quality-secondary,north,trace.07787493df4ca539c6,2,180,approved,100,110,boot.eadeff5998de8be528,7
quality-secondary,south,trace.ac8f37881ad463af98,2,180,approved,100,110,boot.79fb533701d5786191,22
quality-secondary,north,trace.6c79d9f29163d402d1,2,180,approved,100,110,boot.8a473f18f758a9a799,13
quality-secondary,north,trace.bf28330e0f30c7e618,2,180,approved,100,110,boot.8a473f18f758a9a799,20
edge,south,trace.d7e3a8e18f2313d6c4,2,180,approved,100,110,boot.7fc73391fe0005acba,14
quality-secondary,north,trace.060a719e0618c56b3c,30,210,approved,100,110,boot.eadeff5998de8be528,1
edge,north,trace.060a719e0618c56b3c,20,180,draft,100,110,boot.eadeff5998de8be528,1
quality-secondary,south,trace.6c79d9f29163d402d1,1,180,approved,90,100,boot.79fb533701d5786191,15
quality-legacy,north,trace.91f700cda29198b64d,2,180,approved,100,110,boot.eadeff5998de8be528,9
archive,south,trace.6788dc3c3714716e86,2,180,approved,100,110,boot.7fc73391fe0005acba,13
archive,south,trace.5711b5a8f00f3a43aa,1,180,approved,90,100,boot.7fc73391fe0005acba,14
quality-secondary,north,trace.1a60a07f73f8597595,1,180,approved,90,100,boot.8a473f18f758a9a799,4
edge,south,trace.5711b5a8f00f3a43aa,1,180,approved,90,100,boot.7fc73391fe0005acba,14
quality-secondary,north,trace.45fe9218f2e25cb46a,1,180,approved,90,100,boot.eadeff5998de8be528,3
quality-secondary,south,trace.90806211a2b82864ab,1,180,approved,90,100,boot.7fc73391fe0005acba,23
edge,south,trace.3b45b519468ec7e670,2,180,approved,100,110,boot.7fc73391fe0005acba,18
quality-legacy,north,trace.a1ae2b454762d8f39f,2,180,approved,100,110,boot.eadeff5998de8be528,11
quality,north,trace.7686a86728f98db49d,1,180,approved,90,100,boot.8a473f18f758a9a799,20
quality,south,trace.ac8f37881ad463af98,1,180,approved,90,100,boot.79fb533701d5786191,0
quality-legacy,south,trace.47121c12e0e91ff35e,2,180,approved,100,110,boot.7fc73391fe0005acba,15
quality,south,trace.b5c0048c990ad1c4ce,20,180,draft,100,110,boot.79fb533701d5786191,7
archive,north,trace.0a2d3bc0c13464f469,30,210,approved,100,110,boot.8a473f18f758a9a799,1
archive,south,trace.7686a86728f98db49d,1,180,approved,90,100,boot.79fb533701d5786191,20
quality,south,trace.7686a86728f98db49d,2,180,approved,100,110,boot.79fb533701d5786191,18
edge,south,trace.91f700cda29198b64d,2,180,approved,100,110,boot.7fc73391fe0005acba,9
quality-legacy,south,trace.90806211a2b82864ab,30,210,approved,100,110,boot.7fc73391fe0005acba,22
edge,north,trace.490ec96fcf80d553f6,2,180,approved,100,110,boot.eadeff5998de8be528,16
edge,north,trace.b5deb0411f389c7a70,20,180,draft,100,110,boot.eadeff5998de8be528,7
archive,south,trace.b48414aca4ba1456c4,1,180,approved,90,100,boot.7fc73391fe0005acba,21
quality,south,trace.95857cfafce1c4549d,2,180,approved,100,110,boot.7fc73391fe0005acba,2
edge,north,trace.3b45b519468ec7e670,20,180,draft,100,110,boot.eadeff5998de8be528,19
quality,north,trace.77a2ddda5dfb96d5ab,2,180,approved,100,110,boot.7fc73391fe0005acba,0
edge,south,trace.47121c12e0e91ff35e,30,210,approved,100,110,boot.7fc73391fe0005acba,16
quality-secondary,north,trace.7a1d5ef9e082155d86,20,180,draft,100,110,boot.eadeff5998de8be528,4
quality,south,trace.490ec96fcf80d553f6,2,180,approved,100,110,boot.7fc73391fe0005acba,16
edge,south,trace.0f78a54ddffa0ae43e,1,180,approved,90,100,boot.7fc73391fe0005acba,10
quality-legacy,north,trace.86e06ae202a6969cd8,2,180,approved,100,110,boot.8a473f18f758a9a799,15
quality,south,trace.52e10600b5705ab2e4,1,180,approved,90,100,boot.79fb533701d5786191,12
archive,south,trace.b5c0048c990ad1c4ce,2,180,approved,100,110,boot.79fb533701d5786191,6
edge,south,trace.41ced7516b11b61c34,1,180,approved,90,100,boot.79fb533701d5786191,11
edge,south,trace.0f78a54ddffa0ae43e,2,180,approved,100,110,boot.7fc73391fe0005acba,8
quality-legacy,north,trace.47121c12e0e91ff35e,30,210,approved,100,110,boot.eadeff5998de8be528,16
edge,south,trace.07787493df4ca539c6,1,180,approved,90,100,boot.7fc73391fe0005acba,9
quality-legacy,north,trace.cbbea35caf9577ba10,1,180,approved,90,100,boot.8a473f18f758a9a799,13
quality-secondary,south,trace.90806211a2b82864ab,2,180,approved,100,110,boot.7fc73391fe0005acba,21
edge,south,trace.de04467305a827c52d,2,180,approved,100,110,boot.7fc73391fe0005acba,5
quality-secondary,north,trace.0f78a54ddffa0ae43e,1,180,approved,90,100,boot.eadeff5998de8be528,10
archive,north,trace.6b5049f610add3a9ca,1,180,approved,90,100,boot.8a473f18f758a9a799,3
quality-secondary,north,trace.de04467305a827c52d,1,180,approved,90,100,boot.eadeff5998de8be528,7
edge,south,trace.41ced7516b11b61c34,30,210,approved,100,110,boot.79fb533701d5786191,10
edge,south,trace.060a719e0618c56b3c,20,180,draft,100,110,boot.7fc73391fe0005acba,1
quality,north,trace.0a2d3bc0c13464f469,2,180,approved,100,110,boot.8a473f18f758a9a799,0
archive,north,trace.bb94b472c3ec537f4a,2,180,approved,100,110,boot.8a473f18f758a9a799,7
archive,south,trace.7686a86728f98db49d,30,210,approved,100,110,boot.79fb533701d5786191,19
edge,south,trace.26d3c702fa9114949f,2,180,approved,100,110,boot.79fb533701d5786191,14
quality-legacy,south,trace.47121c12e0e91ff35e,20,180,draft,100,110,boot.7fc73391fe0005acba,16
quality-secondary,south,trace.7a1d5ef9e082155d86,30,210,approved,100,110,boot.7fc73391fe0005acba,4
quality,north,trace.060a719e0618c56b3c,2,180,approved,100,110,boot.eadeff5998de8be528,0
archive,south,trace.6b5049f610add3a9ca,2,180,approved,100,110,boot.79fb533701d5786191,1
quality-legacy,south,trace.de04467305a827c52d,2,180,approved,100,110,boot.7fc73391fe0005acba,5
quality-secondary,north,trace.95857cfafce1c4549d,1,180,approved,90,100,boot.eadeff5998de8be528,4
quality,south,trace.95857cfafce1c4549d,1,180,approved,90,100,boot.7fc73391fe0005acba,4
quality-secondary,north,trace.7686a86728f98db49d,30,210,approved,100,110,boot.8a473f18f758a9a799,19
quality,north,trace.1a60a07f73f8597595,1,180,approved,90,100,boot.8a473f18f758a9a799,4
quality-secondary,south,trace.57d617f1897ad3c16e,1,180,approved,90,100,boot.7fc73391fe0005acba,19
quality,north,trace.80de301c646594f3c8,2,180,approved,100,110,boot.eadeff5998de8be528,4
archive,south,trace.7686a86728f98db49d,20,180,draft,100,110,boot.79fb533701d5786191,19
quality-legacy,south,trace.86e06ae202a6969cd8,30,210,approved,100,110,boot.79fb533701d5786191,16
quality-secondary,north,trace.37b8030ac706bfeb8b,2,180,approved,100,110,boot.eadeff5998de8be528,10
quality-legacy,south,trace.6788dc3c3714716e86,1,180,approved,90,100,boot.7fc73391fe0005acba,15
quality,north,trace.be1444d471b89bbf19,2,180,approved,100,110,boot.eadeff5998de8be528,0
quality,south,trace.060a719e0618c56b3c,20,180,draft,100,110,boot.7fc73391fe0005acba,1
quality-secondary,south,trace.a03e83f24adf380c97,2,180,approved,100,110,boot.79fb533701d5786191,4
quality-legacy,south,trace.91f700cda29198b64d,1,180,approved,90,100,boot.7fc73391fe0005acba,11
edge,south,trace.2a4507ef9ebd1250b0,30,210,approved,100,110,boot.79fb533701d5786191,4
edge,north,trace.b5deb0411f389c7a70,1,180,approved,90,100,boot.eadeff5998de8be528,8
archive,north,trace.0d2d916b07a6ca7d01,1,180,approved,90,100,boot.8a473f18f758a9a799,23
archive,north,trace.45fe9218f2e25cb46a,2,180,approved,100,110,boot.eadeff5998de8be528,1
quality-legacy,south,trace.cbbea35caf9577ba10,2,180,approved,100,110,boot.79fb533701d5786191,11
archive,north,trace.52e10600b5705ab2e4,1,180,approved,90,100,boot.8a473f18f758a9a799,12
edge,north,trace.a03e83f24adf380c97,2,180,approved,100,110,boot.8a473f18f758a9a799,4
edge,north,trace.45fe9218f2e25cb46a,1,180,approved,90,100,boot.eadeff5998de8be528,3
edge,north,trace.de04467305a827c52d,2,180,approved,100,110,boot.eadeff5998de8be528,5
quality-legacy,north,trace.0d2d916b07a6ca7d01,30,210,approved,100,110,boot.8a473f18f758a9a799,22
quality-legacy,north,trace.237f2acb2a37ef2aed,1,180,approved,90,100,boot.8a473f18f758a9a799,19
edge,north,trace.25b2eb4491b9194cc0,1,180,approved,90,100,boot.8a473f18f758a9a799,18
edge,south,trace.25b2eb4491b9194cc0,2,180,approved,100,110,boot.79fb533701d5786191,16
quality-secondary,north,trace.6b5049f610add3a9ca,1,180,approved,90,100,boot.8a473f18f758a9a799,3
edge,north,trace.891a57867d5f0f0151,2,180,approved,100,110,boot.8a473f18f758a9a799,12
edge,north,trace.e4ed0a4951cef2d012,1,180,approved,90,100,boot.eadeff5998de8be528,22
archive,north,trace.bb94b472c3ec537f4a,1,180,approved,90,100,boot.8a473f18f758a9a799,9
quality-secondary,north,trace.91f700cda29198b64d,20,180,draft,100,110,boot.eadeff5998de8be528,10
archive,north,trace.86e06ae202a6969cd8,20,180,draft,100,110,boot.8a473f18f758a9a799,16
edge,south,trace.891a57867d5f0f0151,30,210,approved,100,110,boot.79fb533701d5786191,13
quality-secondary,north,trace.a03e83f24adf380c97,2,180,approved,100,110,boot.8a473f18f758a9a799,4
edge,south,trace.3b45b519468ec7e670,1,180,approved,90,100,boot.7fc73391fe0005acba,20
archive,south,trace.a1ae2b454762d8f39f,1,180,approved,90,100,boot.7fc73391fe0005acba,13
quality-legacy,south,trace.20cd1613a859ab881e,2,180,approved,100,110,boot.79fb533701d5786191,19
archive,south,trace.b5deb0411f389c7a70,2,180,approved,100,110,boot.7fc73391fe0005acba,6
quality-legacy,south,trace.bb94b472c3ec537f4a,2,180,approved,100,110,boot.79fb533701d5786191,7
archive,north,trace.7a1d5ef9e082155d86,20,180,draft,100,110,boot.eadeff5998de8be528,4
quality-secondary,south,trace.e4ed0a4951cef2d012,2,180,approved,100,110,boot.7fc73391fe0005acba,20
edge,north,trace.41ced7516b11b61c34,2,180,approved,100,110,boot.8a473f18f758a9a799,9
quality,north,trace.de321eedcb61e5179a,2,180,approved,80,100,boot.eadeff5998de8be528,1
archive,north,trace.e4ed0a4951cef2d012,2,180,approved,100,110,boot.eadeff5998de8be528,20
archive,south,trace.de04467305a827c52d,1,180,approved,90,100,boot.7fc73391fe0005acba,7
quality-legacy,north,trace.b48414aca4ba1456c4,2,180,approved,100,110,boot.eadeff5998de8be528,19
archive,north,trace.41ced7516b11b61c34,2,180,approved,100,110,boot.8a473f18f758a9a799,9
quality,south,trace.37b8030ac706bfeb8b,2,180,approved,100,110,boot.7fc73391fe0005acba,10
quality,south,trace.e4ed0a4951cef2d012,2,180,approved,100,110,boot.7fc73391fe0005acba,20
quality,north,trace.ac8f37881ad463af98,1,180,approved,90,100,boot.8a473f18f758a9a799,0
edge,south,trace.357b0ec3cd9c2fa0d8,1,180,approved,90,100,boot.79fb533701d5786191,1
edge,north,trace.07787493df4ca539c6,1,180,approved,90,100,boot.eadeff5998de8be528,9
edge,south,trace.b5c0048c990ad1c4ce,1,180,approved,90,100,boot.79fb533701d5786191,8
quality-legacy,north,trace.de04467305a827c52d,2,180,approved,100,110,boot.eadeff5998de8be528,5
archive,south,trace.bb94b472c3ec537f4a,2,180,approved,100,110,boot.79fb533701d5786191,7
quality,north,trace.52e10600b5705ab2e4,1,180,approved,90,100,boot.8a473f18f758a9a799,12
edge,north,trace.ac8f37881ad463af98,2,180,approved,100,110,boot.8a473f18f758a9a799,22
edge,south,trace.5711b5a8f00f3a43aa,2,180,approved,100,110,boot.7fc73391fe0005acba,12
quality-legacy,south,trace.47121c12e0e91ff35e,30,210,approved,100,110,boot.7fc73391fe0005acba,16
archive,north,trace.b5c0048c990ad1c4ce,20,180,draft,100,110,boot.8a473f18f758a9a799,7
quality-legacy,south,trace.6788dc3c3714716e86,2,180,approved,100,110,boot.7fc73391fe0005acba,13
archive,south,trace.41ced7516b11b61c34,1,180,approved,90,100,boot.79fb533701d5786191,11
quality-secondary,north,trace.47121c12e0e91ff35e,1,180,approved,90,100,boot.eadeff5998de8be528,17
edge,south,trace.2a4507ef9ebd1250b0,2,180,approved,100,110,boot.79fb533701d5786191,3
quality,north,trace.8c255fdca63d424050,2,180,draft,100,110,boot.eadeff5998de8be528,0
quality,south,trace.5711b5a8f00f3a43aa,1,180,approved,90,100,boot.7fc73391fe0005acba,14
archive,south,trace.cbbea35caf9577ba10,1,180,approved,90,100,boot.79fb533701d5786191,13
edge,south,trace.e4ed0a4951cef2d012,1,180,approved,90,100,boot.7fc73391fe0005acba,22
edge,north,trace.bf28330e0f30c7e618,1,180,approved,90,100,boot.8a473f18f758a9a799,22
quality-secondary,south,trace.6c79d9f29163d402d1,2,180,approved,100,110,boot.79fb533701d5786191,13
edge,north,trace.6788dc3c3714716e86,1,180,approved,90,100,boot.eadeff5998de8be528,15
edge,south,trace.47121c12e0e91ff35e,1,180,approved,90,100,boot.7fc73391fe0005acba,17
quality,north,trace.d7e3a8e18f2313d6c4,2,180,approved,100,110,boot.eadeff5998de8be528,14
quality,south,trace.80de301c646594f3c8,1,180,approved,90,100,boot.7fc73391fe0005acba,6
edge,south,trace.7686a86728f98db49d,1,180,approved,90,100,boot.79fb533701d5786191,20
quality-secondary,north,trace.b5c0048c990ad1c4ce,30,210,approved,100,110,boot.8a473f18f758a9a799,7
quality-legacy,south,trace.57d617f1897ad3c16e,2,180,approved,100,110,boot.7fc73391fe0005acba,17
quality-legacy,north,trace.357b0ec3cd9c2fa0d8,1,180,approved,90,100,boot.8a473f18f758a9a799,1
quality,north,trace.26d3c702fa9114949f,2,180,approved,100,110,boot.8a473f18f758a9a799,14
quality,north,trace.490ec96fcf80d553f6,2,180,approved,100,110,boot.eadeff5998de8be528,16
edge,north,trace.3b45b519468ec7e670,30,210,approved,100,110,boot.eadeff5998de8be528,19
edge,south,trace.80de301c646594f3c8,1,180,approved,90,100,boot.7fc73391fe0005acba,6
edge,north,trace.0d2d916b07a6ca7d01,2,180,approved,100,110,boot.8a473f18f758a9a799,21
quality-secondary,south,trace.060a719e0618c56b3c,2,180,approved,100,110,boot.7fc73391fe0005acba,0
quality-legacy,north,trace.6788dc3c3714716e86,2,180,approved,100,110,boot.eadeff5998de8be528,13
quality-secondary,south,trace.b5c0048c990ad1c4ce,30,210,approved,100,110,boot.79fb533701d5786191,7
quality,north,trace.b5c0048c990ad1c4ce,30,210,approved,100,110,boot.8a473f18f758a9a799,7
archive,north,trace.de04467305a827c52d,2,180,approved,100,110,boot.eadeff5998de8be528,5
archive,north,trace.90806211a2b82864ab,2,180,approved,100,110,boot.eadeff5998de8be528,21
quality-legacy,north,trace.20cd1613a859ab881e,2,180,approved,100,110,boot.8a473f18f758a9a799,19
edge,south,trace.cbbea35caf9577ba10,2,180,approved,100,110,boot.79fb533701d5786191,11
archive,north,trace.6bfc9f171e6a3ec895,2,180,approved,100,110,boot.8a473f18f758a9a799,8
archive,north,trace.ac8f37881ad463af98,2,180,approved,100,110,boot.8a473f18f758a9a799,22
quality-legacy,south,trace.357b0ec3cd9c2fa0d8,1,180,approved,90,100,boot.79fb533701d5786191,1
edge,south,trace.90806211a2b82864ab,2,180,approved,100,110,boot.7fc73391fe0005acba,21
quality-legacy,north,trace.6788dc3c3714716e86,1,180,approved,90,100,boot.eadeff5998de8be528,15
quality-secondary,south,trace.060a719e0618c56b3c,1,180,approved,90,100,boot.7fc73391fe0005acba,2
quality,north,trace.7686a86728f98db49d,30,210,approved,100,110,boot.8a473f18f758a9a799,19
quality-secondary,south,trace.86e06ae202a6969cd8,20,180,draft,100,110,boot.79fb533701d5786191,16
archive,north,trace.95857cfafce1c4549d,1,180,approved,90,100,boot.eadeff5998de8be528,4
archive,south,trace.490ec96fcf80d553f6,1,180,approved,90,100,boot.7fc73391fe0005acba,18
quality-secondary,north,trace.41ced7516b11b61c34,2,180,approved,100,110,boot.8a473f18f758a9a799,9
archive,north,trace.357b0ec3cd9c2fa0d8,2,180,approved,100,110,boot.8a473f18f758a9a799,23
archive,north,trace.0a2d3bc0c13464f469,2,180,approved,100,110,boot.8a473f18f758a9a799,0
quality-secondary,north,trace.86e06ae202a6969cd8,30,210,approved,100,110,boot.8a473f18f758a9a799,16
edge,south,trace.237f2acb2a37ef2aed,1,180,approved,90,100,boot.79fb533701d5786191,19
archive,south,trace.6bfc9f171e6a3ec895,2,180,approved,100,110,boot.79fb533701d5786191,8
quality-secondary,south,trace.6b5049f610add3a9ca,1,180,approved,90,100,boot.79fb533701d5786191,3
quality-secondary,south,trace.85713d23366adb2ff8,1,180,approved,90,100,boot.7fc73391fe0005acba,1
quality-legacy,north,trace.45fe9218f2e25cb46a,1,180,approved,90,100,boot.eadeff5998de8be528,3
edge,north,trace.891a57867d5f0f0151,1,180,approved,90,100,boot.8a473f18f758a9a799,14
edge,north,trace.2a4507ef9ebd1250b0,2,180,approved,100,110,boot.8a473f18f758a9a799,3
quality-secondary,south,trace.2a4507ef9ebd1250b0,30,210,approved,100,110,boot.79fb533701d5786191,4
quality,south,trace.891a57867d5f0f0151,2,180,approved,100,110,boot.79fb533701d5786191,12
quality-legacy,north,trace.6c79d9f29163d402d1,1,180,approved,90,100,boot.8a473f18f758a9a799,15
quality-legacy,north,trace.bb94b472c3ec537f4a,2,180,approved,100,110,boot.8a473f18f758a9a799,7
quality-secondary,south,trace.91f700cda29198b64d,20,180,draft,100,110,boot.7fc73391fe0005acba,10
quality-secondary,south,trace.41ced7516b11b61c34,1,180,approved,90,100,boot.79fb533701d5786191,11
archive,north,trace.b5deb0411f389c7a70,20,180,draft,100,110,boot.eadeff5998de8be528,7
quality-legacy,south,trace.45fe9218f2e25cb46a,1,180,approved,90,100,boot.7fc73391fe0005acba,3
archive,north,trace.3b45b519468ec7e670,20,180,draft,100,110,boot.eadeff5998de8be528,19
edge,north,trace.0a2d3bc0c13464f469,1,180,approved,90,100,boot.8a473f18f758a9a799,2
edge,south,trace.0d2d916b07a6ca7d01,2,180,approved,100,110,boot.79fb533701d5786191,21
quality,south,trace.d7e3a8e18f2313d6c4,2,180,approved,100,110,boot.7fc73391fe0005acba,14
edge,south,trace.b5deb0411f389c7a70,2,180,approved,100,110,boot.7fc73391fe0005acba,6
archive,south,trace.6b5049f610add3a9ca,1,180,approved,90,100,boot.79fb533701d5786191,3
quality,south,trace.b5deb0411f389c7a70,1,180,approved,90,100,boot.7fc73391fe0005acba,8
archive,north,trace.891a57867d5f0f0151,1,180,approved,90,100,boot.8a473f18f758a9a799,14
edge,south,trace.7686a86728f98db49d,2,180,approved,100,110,boot.79fb533701d5786191,18
archive,north,trace.7686a86728f98db49d,20,180,draft,100,110,boot.8a473f18f758a9a799,19
quality-legacy,south,trace.b48414aca4ba1456c4,1,180,approved,90,100,boot.7fc73391fe0005acba,21
edge,south,trace.95857cfafce1c4549d,2,180,approved,100,110,boot.7fc73391fe0005acba,2
quality-secondary,north,trace.d7e3a8e18f2313d6c4,1,180,approved,90,100,boot.eadeff5998de8be528,16
quality,north,trace.3b45b519468ec7e670,2,180,approved,100,110,boot.eadeff5998de8be528,18
edge,north,trace.43a2a5c8d289b2a68d,2,180,approved,100,110,boot.8a473f18f758a9a799,5
archive,north,trace.cbbea35caf9577ba10,1,180,approved,90,100,boot.8a473f18f758a9a799,13
archive,north,trace.86e06ae202a6969cd8,2,180,approved,100,110,boot.8a473f18f758a9a799,15
archive,south,trace.7686a86728f98db49d,2,180,approved,100,110,boot.79fb533701d5786191,18
archive,south,trace.25b2eb4491b9194cc0,2,180,approved,100,110,boot.79fb533701d5786191,16
quality,south,trace.b5deb0411f389c7a70,2,180,approved,100,110,boot.7fc73391fe0005acba,6
archive,south,trace.a1ae2b454762d8f39f,2,180,approved,100,110,boot.7fc73391fe0005acba,11
archive,north,trace.57d617f1897ad3c16e,2,180,approved,100,110,boot.eadeff5998de8be528,17
quality-secondary,south,trace.37b8030ac706bfeb8b,1,180,approved,90,100,boot.7fc73391fe0005acba,12
quality-secondary,north,trace.a1ae2b454762d8f39f,1,180,approved,90,100,boot.eadeff5998de8be528,13
edge,south,trace.b48414aca4ba1456c4,2,180,approved,100,110,boot.7fc73391fe0005acba,19
archive,south,trace.3b45b519468ec7e670,1,180,approved,90,100,boot.7fc73391fe0005acba,20
quality-secondary,north,trace.2a4507ef9ebd1250b0,1,180,approved,90,100,boot.8a473f18f758a9a799,5
edge,north,trace.a1ae2b454762d8f39f,1,180,approved,90,100,boot.eadeff5998de8be528,13
edge,north,trace.95857cfafce1c4549d,1,180,approved,90,100,boot.eadeff5998de8be528,4
quality-secondary,south,trace.e4ed0a4951cef2d012,1,180,approved,90,100,boot.7fc73391fe0005acba,22
quality,south,trace.80de301c646594f3c8,2,180,approved,100,110,boot.7fc73391fe0005acba,4
quality-secondary,south,trace.47121c12e0e91ff35e,20,180,draft,100,110,boot.7fc73391fe0005acba,16
quality,north,trace.5711b5a8f00f3a43aa,30,210,approved,100,110,boot.eadeff5998de8be528,13
archive,north,trace.b5deb0411f389c7a70,30,210,approved,100,110,boot.eadeff5998de8be528,7
edge,south,trace.490ec96fcf80d553f6,2,180,approved,100,110,boot.7fc73391fe0005acba,16
edge,south,trace.ac8f37881ad463af98,2,180,approved,100,110,boot.79fb533701d5786191,22
edge,north,trace.0f78a54ddffa0ae43e,1,180,approved,90,100,boot.eadeff5998de8be528,10
archive,north,trace.b5c0048c990ad1c4ce,1,180,approved,90,100,boot.8a473f18f758a9a799,8
quality-legacy,south,trace.41ced7516b11b61c34,2,180,approved,100,110,boot.79fb533701d5786191,9
quality,north,trace.b5deb0411f389c7a70,20,180,draft,100,110,boot.eadeff5998de8be528,7
edge,north,trace.6b5049f610add3a9ca,1,180,approved,90,100,boot.8a473f18f758a9a799,3
edge,north,trace.86e06ae202a6969cd8,30,210,approved,100,110,boot.8a473f18f758a9a799,16
archive,north,trace.060a719e0618c56b3c,2,180,approved,100,110,boot.eadeff5998de8be528,0
quality-secondary,south,trace.80de301c646594f3c8,1,180,approved,90,100,boot.7fc73391fe0005acba,6
edge,south,trace.41ced7516b11b61c34,2,180,approved,100,110,boot.79fb533701d5786191,9
edge,north,trace.6c79d9f29163d402d1,1,180,approved,90,100,boot.8a473f18f758a9a799,15
quality-secondary,south,trace.80de301c646594f3c8,2,180,approved,100,110,boot.7fc73391fe0005acba,4
quality,south,trace.b5c0048c990ad1c4ce,30,210,approved,100,110,boot.79fb533701d5786191,7
edge,north,trace.85713d23366adb2ff8,1,180,approved,90,100,boot.eadeff5998de8be528,1
quality-secondary,north,trace.80de301c646594f3c8,1,180,approved,90,100,boot.eadeff5998de8be528,6
archive,north,trace.43a2a5c8d289b2a68d,1,180,approved,90,100,boot.8a473f18f758a9a799,7
quality-secondary,north,trace.07787493df4ca539c6,1,180,approved,90,100,boot.eadeff5998de8be528,9
archive,south,trace.7a1d5ef9e082155d86,2,180,approved,100,110,boot.7fc73391fe0005acba,3
quality-secondary,south,trace.25b2eb4491b9194cc0,1,180,approved,90,100,boot.79fb533701d5786191,18
quality-secondary,south,trace.bb94b472c3ec537f4a,1,180,approved,90,100,boot.79fb533701d5786191,9
edge,north,trace.52e10600b5705ab2e4,2,180,approved,100,110,boot.8a473f18f758a9a799,10
edge,south,trace.45fe9218f2e25cb46a,2,180,approved,100,110,boot.7fc73391fe0005acba,1
archive,north,trace.80de301c646594f3c8,1,180,approved,90,100,boot.eadeff5998de8be528,6
quality-secondary,south,trace.25b2eb4491b9194cc0,2,180,approved,100,110,boot.79fb533701d5786191,16
edge,south,trace.7686a86728f98db49d,30,210,approved,100,110,boot.79fb533701d5786191,19
quality-legacy,north,trace.47121c12e0e91ff35e,20,180,draft,100,110,boot.eadeff5998de8be528,16
edge,south,trace.e4ed0a4951cef2d012,2,180,approved,100,110,boot.7fc73391fe0005acba,20
quality-legacy,north,trace.2a4507ef9ebd1250b0,30,210,approved,100,110,boot.8a473f18f758a9a799,4
edge,south,trace.b5c0048c990ad1c4ce,2,180,approved,100,110,boot.79fb533701d5786191,6
quality-secondary,north,trace.b48414aca4ba1456c4,1,180,approved,90,100,boot.eadeff5998de8be528,21
quality-secondary,north,trace.357b0ec3cd9c2fa0d8,1,180,approved,90,100,boot.8a473f18f758a9a799,1
edge,south,trace.3b45b519468ec7e670,30,210,approved,100,110,boot.7fc73391fe0005acba,19
quality-legacy,north,trace.07787493df4ca539c6,2,180,approved,100,110,boot.eadeff5998de8be528,7
quality-secondary,south,trace.6b5049f610add3a9ca,2,180,approved,100,110,boot.79fb533701d5786191,1
quality,north,trace.95857cfafce1c4549d,2,180,approved,100,110,boot.eadeff5998de8be528,2
quality,north,trace.33c68bec71cc649dc5,1,180,approved,110,,boot.eadeff5998de8be528,0
quality,north,trace.d50dc5c53859156ceb,2,180,approved,100,110,boot.eadeff5998de8be528,0
quality,north,trace.b5deb0411f389c7a70,2,180,approved,100,110,boot.eadeff5998de8be528,6
quality-secondary,north,trace.90806211a2b82864ab,1,180,approved,90,100,boot.eadeff5998de8be528,23
edge,south,trace.1a60a07f73f8597595,2,180,approved,100,110,boot.79fb533701d5786191,2
archive,south,trace.3b45b519468ec7e670,30,210,approved,100,110,boot.7fc73391fe0005acba,19
quality-secondary,south,trace.d7e3a8e18f2313d6c4,2,180,approved,100,110,boot.7fc73391fe0005acba,14
quality-secondary,north,trace.41ced7516b11b61c34,30,210,approved,100,110,boot.8a473f18f758a9a799,10
archive,south,trace.060a719e0618c56b3c,2,180,approved,100,110,boot.7fc73391fe0005acba,0
quality-legacy,north,trace.43a2a5c8d289b2a68d,2,180,approved,100,110,boot.8a473f18f758a9a799,5
edge,south,trace.6b5049f610add3a9ca,2,180,approved,100,110,boot.79fb533701d5786191,1
edge,south,trace.90806211a2b82864ab,20,180,draft,100,110,boot.7fc73391fe0005acba,22
quality-secondary,south,trace.060a719e0618c56b3c,20,180,draft,100,110,boot.7fc73391fe0005acba,1
quality-secondary,south,trace.0d2d916b07a6ca7d01,20,180,draft,100,110,boot.79fb533701d5786191,22
edge,north,trace.6bfc9f171e6a3ec895,2,180,approved,100,110,boot.8a473f18f758a9a799,8
edge,north,trace.07787493df4ca539c6,2,180,approved,100,110,boot.eadeff5998de8be528,7
quality,north,trace.891a57867d5f0f0151,1,180,approved,90,100,boot.8a473f18f758a9a799,14
quality-secondary,south,trace.b5c0048c990ad1c4ce,2,180,approved,100,110,boot.79fb533701d5786191,6
quality-legacy,north,trace.2a4507ef9ebd1250b0,20,180,draft,100,110,boot.8a473f18f758a9a799,4
archive,south,trace.3b45b519468ec7e670,2,180,approved,100,110,boot.7fc73391fe0005acba,18
edge,south,trace.b5deb0411f389c7a70,20,180,draft,100,110,boot.7fc73391fe0005acba,7
quality-legacy,north,trace.47121c12e0e91ff35e,2,180,approved,100,110,boot.eadeff5998de8be528,15
quality-secondary,north,trace.91f700cda29198b64d,30,210,approved,100,110,boot.eadeff5998de8be528,10
quality-secondary,south,trace.95857cfafce1c4549d,1,180,approved,90,100,boot.7fc73391fe0005acba,4
quality-secondary,south,trace.0a2d3bc0c13464f469,1,180,approved,90,100,boot.79fb533701d5786191,2
edge,north,trace.060a719e0618c56b3c,1,180,approved,90,100,boot.eadeff5998de8be528,2
quality-secondary,north,trace.2a4507ef9ebd1250b0,20,180,draft,100,110,boot.8a473f18f758a9a799,4
edge,north,trace.7a1d5ef9e082155d86,1,180,approved,90,100,boot.eadeff5998de8be528,5
archive,south,trace.45fe9218f2e25cb46a,1,180,approved,90,100,boot.7fc73391fe0005acba,3
quality,north,trace.1bf1bee35eeb353bf4,2,180,approved,100,110,boot.eadeff5998de8be528,0
archive,south,trace.b5c0048c990ad1c4ce,20,180,draft,100,110,boot.79fb533701d5786191,7
quality,south,trace.3b45b519468ec7e670,1,180,approved,90,100,boot.7fc73391fe0005acba,20
edge,north,trace.80de301c646594f3c8,2,180,approved,100,110,boot.eadeff5998de8be528,4
quality-secondary,north,trace.0d2d916b07a6ca7d01,20,180,draft,100,110,boot.8a473f18f758a9a799,22
quality,north,trace.060a719e0618c56b3c,30,210,approved,100,110,boot.eadeff5998de8be528,1
archive,north,trace.20cd1613a859ab881e,2,180,approved,100,110,boot.8a473f18f758a9a799,19
quality,north,trace.8c255fdca63d424050,2,210,approved,100,110,boot.eadeff5998de8be528,0
quality-secondary,south,trace.0d2d916b07a6ca7d01,30,210,approved,100,110,boot.79fb533701d5786191,22
archive,south,trace.86e06ae202a6969cd8,2,180,approved,100,110,boot.79fb533701d5786191,15
edge,north,trace.5711b5a8f00f3a43aa,1,180,approved,90,100,boot.eadeff5998de8be528,14
quality-secondary,north,trace.b5deb0411f389c7a70,20,180,draft,100,110,boot.eadeff5998de8be528,7
quality-secondary,south,trace.b5deb0411f389c7a70,2,180,approved,100,110,boot.7fc73391fe0005acba,6
quality-secondary,south,trace.57d617f1897ad3c16e,2,180,approved,100,110,boot.7fc73391fe0005acba,17
archive,north,trace.85713d23366adb2ff8,2,180,approved,100,110,boot.eadeff5998de8be528,23
quality,south,trace.26d3c702fa9114949f,1,180,approved,90,100,boot.79fb533701d5786191,16
quality-secondary,north,trace.85713d23366adb2ff8,1,180,approved,90,100,boot.eadeff5998de8be528,1
edge,south,trace.6b5049f610add3a9ca,1,180,approved,90,100,boot.79fb533701d5786191,3
quality-secondary,north,trace.b5deb0411f389c7a70,1,180,approved,90,100,boot.eadeff5998de8be528,8
archive,south,trace.ac8f37881ad463af98,2,180,approved,100,110,boot.79fb533701d5786191,22
edge,south,trace.52e10600b5705ab2e4,2,180,approved,100,110,boot.79fb533701d5786191,10
archive,south,trace.2a4507ef9ebd1250b0,2,180,approved,100,110,boot.79fb533701d5786191,3
quality-legacy,south,trace.2a4507ef9ebd1250b0,1,180,approved,90,100,boot.79fb533701d5786191,5
archive,south,trace.6c79d9f29163d402d1,1,180,approved,90,100,boot.79fb533701d5786191,15
quality-secondary,north,trace.52e10600b5705ab2e4,2,180,approved,100,110,boot.8a473f18f758a9a799,10
archive,north,trace.1a60a07f73f8597595,2,180,approved,100,110,boot.8a473f18f758a9a799,2
quality-legacy,north,trace.0d2d916b07a6ca7d01,20,180,draft,100,110,boot.8a473f18f758a9a799,22
archive,south,trace.86e06ae202a6969cd8,1,180,approved,90,100,boot.79fb533701d5786191,17
quality-secondary,north,trace.5711b5a8f00f3a43aa,2,180,approved,100,110,boot.eadeff5998de8be528,12
edge,north,trace.237f2acb2a37ef2aed,1,180,approved,90,100,boot.8a473f18f758a9a799,19
archive,north,trace.7686a86728f98db49d,2,180,approved,100,110,boot.8a473f18f758a9a799,18
quality,north,trace.060a719e0618c56b3c,20,180,draft,100,110,boot.eadeff5998de8be528,1
archive,south,trace.6bfc9f171e6a3ec895,1,180,approved,90,100,boot.79fb533701d5786191,10
archive,south,trace.91f700cda29198b64d,20,180,draft,100,110,boot.7fc73391fe0005acba,10
quality-secondary,north,trace.b5c0048c990ad1c4ce,20,180,draft,100,110,boot.8a473f18f758a9a799,7
quality-secondary,north,trace.6788dc3c3714716e86,2,180,approved,100,110,boot.eadeff5998de8be528,13
quality,south,trace.7686a86728f98db49d,30,210,approved,100,110,boot.79fb533701d5786191,19
archive,south,trace.0d2d916b07a6ca7d01,20,180,draft,100,110,boot.79fb533701d5786191,22
quality,north,trace.a03e83f24adf380c97,2,180,approved,100,110,boot.8a473f18f758a9a799,4
quality-secondary,south,trace.ac8f37881ad463af98,1,180,approved,90,100,boot.79fb533701d5786191,0
archive,north,trace.b5c0048c990ad1c4ce,30,210,approved,100,110,boot.8a473f18f758a9a799,7
edge,north,trace.2a4507ef9ebd1250b0,20,180,draft,100,110,boot.8a473f18f758a9a799,4
edge,south,trace.7a1d5ef9e082155d86,1,180,approved,90,100,boot.7fc73391fe0005acba,5
archive,north,trace.891a57867d5f0f0151,30,210,approved,100,110,boot.8a473f18f758a9a799,13
quality-secondary,north,trace.26d3c702fa9114949f,1,180,approved,90,100,boot.8a473f18f758a9a799,16
archive,south,trace.bf28330e0f30c7e618,1,180,approved,90,100,boot.79fb533701d5786191,22
quality,north,trace.6bfc9f171e6a3ec895,2,180,approved,100,110,boot.8a473f18f758a9a799,8
quality-legacy,north,trace.85713d23366adb2ff8,2,180,approved,100,110,boot.eadeff5998de8be528,23
quality-secondary,north,trace.90806211a2b82864ab,2,180,approved,100,110,boot.eadeff5998de8be528,21
quality-secondary,south,trace.3b45b519468ec7e670,30,210,approved,100,110,boot.7fc73391fe0005acba,19
archive,south,trace.891a57867d5f0f0151,20,180,draft,100,110,boot.79fb533701d5786191,13
archive,south,trace.85713d23366adb2ff8,2,180,approved,100,110,boot.7fc73391fe0005acba,23
edge,north,trace.26d3c702fa9114949f,1,180,approved,90,100,boot.8a473f18f758a9a799,16
edge,north,trace.90806211a2b82864ab,30,210,approved,100,110,boot.eadeff5998de8be528,22
quality-secondary,north,trace.20cd1613a859ab881e,1,180,approved,90,100,boot.8a473f18f758a9a799,21
edge,north,trace.6c79d9f29163d402d1,2,180,approved,100,110,boot.8a473f18f758a9a799,13
archive,south,trace.90806211a2b82864ab,1,180,approved,90,100,boot.7fc73391fe0005acba,23
quality,south,trace.5711b5a8f00f3a43aa,2,180,approved,100,110,boot.7fc73391fe0005acba,12
quality-secondary,south,trace.47121c12e0e91ff35e,30,210,approved,100,110,boot.7fc73391fe0005acba,16
archive,north,trace.e4ed0a4951cef2d012,1,180,approved,90,100,boot.eadeff5998de8be528,22
edge,north,trace.47121c12e0e91ff35e,30,210,approved,100,110,boot.eadeff5998de8be528,16
quality-legacy,north,trace.20cd1613a859ab881e,1,180,approved,90,100,boot.8a473f18f758a9a799,21
edge,north,trace.891a57867d5f0f0151,20,180,draft,100,110,boot.8a473f18f758a9a799,13
quality-secondary,north,trace.3b45b519468ec7e670,1,180,approved,90,100,boot.eadeff5998de8be528,20
edge,north,trace.a03e83f24adf380c97,1,180,approved,90,100,boot.8a473f18f758a9a799,6
archive,north,trace.43a2a5c8d289b2a68d,2,180,approved,100,110,boot.8a473f18f758a9a799,5
quality,south,trace.1a60a07f73f8597595,1,180,approved,90,100,boot.79fb533701d5786191,4
quality-secondary,south,trace.bb94b472c3ec537f4a,2,180,approved,100,110,boot.79fb533701d5786191,7
edge,north,trace.0d2d916b07a6ca7d01,20,180,draft,100,110,boot.8a473f18f758a9a799,22
quality-secondary,south,trace.85713d23366adb2ff8,2,180,approved,100,110,boot.7fc73391fe0005acba,23
quality-secondary,north,trace.26d3c702fa9114949f,2,180,approved,100,110,boot.8a473f18f758a9a799,14
edge,north,trace.47121c12e0e91ff35e,1,180,approved,90,100,boot.eadeff5998de8be528,17
quality-legacy,north,trace.0d2d916b07a6ca7d01,1,180,approved,90,100,boot.8a473f18f758a9a799,23
archive,north,trace.91f700cda29198b64d,2,180,approved,100,110,boot.eadeff5998de8be528,9
archive,south,trace.b5c0048c990ad1c4ce,1,180,approved,90,100,boot.79fb533701d5786191,8
quality,north,trace.e4ed0a4951cef2d012,1,180,approved,90,100,boot.eadeff5998de8be528,22
quality,north,trace.5711b5a8f00f3a43aa,1,180,approved,90,100,boot.eadeff5998de8be528,14
edge,north,trace.b48414aca4ba1456c4,2,180,approved,100,110,boot.eadeff5998de8be528,19
quality-secondary,south,trace.891a57867d5f0f0151,30,210,approved,100,110,boot.79fb533701d5786191,13
quality-secondary,south,trace.52e10600b5705ab2e4,1,180,approved,90,100,boot.79fb533701d5786191,12
quality-legacy,south,trace.de04467305a827c52d,1,180,approved,90,100,boot.7fc73391fe0005acba,7
quality-legacy,north,trace.6c79d9f29163d402d1,2,180,approved,100,110,boot.8a473f18f758a9a799,13
edge,north,trace.45fe9218f2e25cb46a,2,180,approved,100,110,boot.eadeff5998de8be528,1
edge,south,trace.86e06ae202a6969cd8,30,210,approved,100,110,boot.79fb533701d5786191,16
quality-secondary,south,trace.90806211a2b82864ab,30,210,approved,100,110,boot.7fc73391fe0005acba,22
quality-secondary,south,trace.0f78a54ddffa0ae43e,1,180,approved,90,100,boot.7fc73391fe0005acba,10
quality,north,trace.7686a86728f98db49d,2,180,approved,100,110,boot.8a473f18f758a9a799,18
quality-secondary,south,trace.47121c12e0e91ff35e,1,180,approved,90,100,boot.7fc73391fe0005acba,17
quality-secondary,south,trace.45fe9218f2e25cb46a,2,180,approved,100,110,boot.7fc73391fe0005acba,1
quality-legacy,north,trace.91f700cda29198b64d,30,210,approved,100,110,boot.eadeff5998de8be528,10
archive,north,trace.57d617f1897ad3c16e,1,180,approved,90,100,boot.eadeff5998de8be528,19
edge,north,trace.5711b5a8f00f3a43aa,20,180,draft,100,110,boot.eadeff5998de8be528,13
quality-secondary,south,trace.5711b5a8f00f3a43aa,20,180,draft,100,110,boot.7fc73391fe0005acba,13
archive,north,trace.91f700cda29198b64d,20,180,draft,100,110,boot.eadeff5998de8be528,10
edge,north,trace.0d2d916b07a6ca7d01,30,210,approved,100,110,boot.8a473f18f758a9a799,22
quality-secondary,south,trace.7686a86728f98db49d,30,210,approved,100,110,boot.79fb533701d5786191,19
quality-secondary,north,trace.57d617f1897ad3c16e,2,180,approved,100,110,boot.eadeff5998de8be528,17
edge,south,trace.b5deb0411f389c7a70,30,210,approved,100,110,boot.7fc73391fe0005acba,7
edge,south,trace.26d3c702fa9114949f,1,180,approved,90,100,boot.79fb533701d5786191,16
quality,north,trace.bf28330e0f30c7e618,1,180,approved,90,100,boot.8a473f18f758a9a799,22
quality-legacy,north,trace.57d617f1897ad3c16e,1,180,approved,90,100,boot.eadeff5998de8be528,19
quality,south,trace.0f78a54ddffa0ae43e,1,180,approved,90,100,boot.7fc73391fe0005acba,10
quality,south,trace.060a719e0618c56b3c,30,210,approved,100,110,boot.7fc73391fe0005acba,1
quality-secondary,south,trace.b5c0048c990ad1c4ce,20,180,draft,100,110,boot.79fb533701d5786191,7
quality-secondary,north,trace.060a719e0618c56b3c,1,180,approved,90,100,boot.eadeff5998de8be528,2
quality-legacy,south,trace.41ced7516b11b61c34,30,210,approved,100,110,boot.79fb533701d5786191,10
quality-secondary,north,trace.47121c12e0e91ff35e,30,210,approved,100,110,boot.eadeff5998de8be528,16
quality-secondary,south,trace.95857cfafce1c4549d,2,180,approved,100,110,boot.7fc73391fe0005acba,2
archive,north,trace.5711b5a8f00f3a43aa,1,180,approved,90,100,boot.eadeff5998de8be528,14
edge,north,trace.d7e3a8e18f2313d6c4,1,180,approved,90,100,boot.eadeff5998de8be528,16
quality-secondary,south,trace.cbbea35caf9577ba10,2,180,approved,100,110,boot.79fb533701d5786191,11
quality,north,trace.1a60a07f73f8597595,2,180,approved,100,110,boot.8a473f18f758a9a799,2
archive,south,trace.0a2d3bc0c13464f469,30,210,approved,100,110,boot.79fb533701d5786191,1
quality-secondary,south,trace.20cd1613a859ab881e,1,180,approved,90,100,boot.79fb533701d5786191,21
archive,south,trace.0d2d916b07a6ca7d01,30,210,approved,100,110,boot.79fb533701d5786191,22
quality,south,trace.5711b5a8f00f3a43aa,20,180,draft,100,110,boot.7fc73391fe0005acba,13
quality-secondary,south,trace.3b45b519468ec7e670,1,180,approved,90,100,boot.7fc73391fe0005acba,20
quality-secondary,north,trace.e4ed0a4951cef2d012,2,180,approved,100,110,boot.eadeff5998de8be528,20
archive,north,trace.237f2acb2a37ef2aed,1,180,approved,90,100,boot.8a473f18f758a9a799,19
edge,south,trace.0a2d3bc0c13464f469,1,180,approved,90,100,boot.79fb533701d5786191,2
edge,south,trace.47121c12e0e91ff35e,2,180,approved,100,110,boot.7fc73391fe0005acba,15
edge,south,trace.07787493df4ca539c6,2,180,approved,100,110,boot.7fc73391fe0005acba,7
edge,north,trace.95857cfafce1c4549d,2,180,approved,100,110,boot.eadeff5998de8be528,2
archive,south,trace.5711b5a8f00f3a43aa,2,180,approved,100,110,boot.7fc73391fe0005acba,12
quality-secondary,north,trace.490ec96fcf80d553f6,1,180,approved,90,100,boot.eadeff5998de8be528,18
archive,north,trace.5711b5a8f00f3a43aa,30,210,approved,100,110,boot.eadeff5998de8be528,13
quality,south,trace.3b45b519468ec7e670,20,180,draft,100,110,boot.7fc73391fe0005acba,19
archive,south,trace.357b0ec3cd9c2fa0d8,1,180,approved,90,100,boot.79fb533701d5786191,1
quality-secondary,north,trace.85713d23366adb2ff8,2,180,approved,100,110,boot.eadeff5998de8be528,23
quality,north,trace.bf28330e0f30c7e618,2,180,approved,100,110,boot.8a473f18f758a9a799,20
quality-legacy,north,trace.7a1d5ef9e082155d86,2,180,approved,100,110,boot.eadeff5998de8be528,3
quality-secondary,south,trace.2a4507ef9ebd1250b0,20,180,draft,100,110,boot.79fb533701d5786191,4
edge,south,trace.91f700cda29198b64d,20,180,draft,100,110,boot.7fc73391fe0005acba,10
edge,north,trace.b48414aca4ba1456c4,1,180,approved,90,100,boot.eadeff5998de8be528,21
edge,south,trace.b5c0048c990ad1c4ce,30,210,approved,100,110,boot.79fb533701d5786191,7
archive,north,trace.25b2eb4491b9194cc0,1,180,approved,90,100,boot.8a473f18f758a9a799,18
archive,north,trace.26d3c702fa9114949f,1,180,approved,90,100,boot.8a473f18f758a9a799,16
quality-legacy,north,trace.2a4507ef9ebd1250b0,1,180,approved,90,100,boot.8a473f18f758a9a799,5
quality-legacy,north,trace.91f700cda29198b64d,1,180,approved,90,100,boot.eadeff5998de8be528,11
quality-secondary,south,trace.357b0ec3cd9c2fa0d8,2,180,approved,100,110,boot.79fb533701d5786191,23
quality,south,trace.bf28330e0f30c7e618,2,180,approved,100,110,boot.79fb533701d5786191,20
edge,south,trace.6bfc9f171e6a3ec895,1,180,approved,90,100,boot.79fb533701d5786191,10
edge,north,trace.ac8f37881ad463af98,1,180,approved,90,100,boot.8a473f18f758a9a799,0
quality-legacy,south,trace.2a4507ef9ebd1250b0,2,180,approved,100,110,boot.79fb533701d5786191,3
archive,north,trace.90806211a2b82864ab,30,210,approved,100,110,boot.eadeff5998de8be528,22
archive,north,trace.86e06ae202a6969cd8,30,210,approved,100,110,boot.8a473f18f758a9a799,16
edge,south,trace.6c79d9f29163d402d1,1,180,approved,90,100,boot.79fb533701d5786191,15
quality,north,trace.891a57867d5f0f0151,2,180,approved,100,110,boot.8a473f18f758a9a799,12
quality,north,trace.490ec96fcf80d553f6,1,180,approved,90,100,boot.eadeff5998de8be528,18
edge,north,trace.37b8030ac706bfeb8b,1,180,approved,90,100,boot.eadeff5998de8be528,12
quality-secondary,south,trace.3b45b519468ec7e670,20,180,draft,100,110,boot.7fc73391fe0005acba,19
quality-secondary,south,trace.41ced7516b11b61c34,2,180,approved,100,110,boot.79fb533701d5786191,9
quality-secondary,south,trace.060a719e0618c56b3c,30,210,approved,100,110,boot.7fc73391fe0005acba,1
edge,north,trace.52e10600b5705ab2e4,1,180,approved,90,100,boot.8a473f18f758a9a799,12
quality,north,trace.37b8030ac706bfeb8b,2,180,approved,100,110,boot.eadeff5998de8be528,10
archive,south,trace.47121c12e0e91ff35e,30,210,approved,100,110,boot.7fc73391fe0005acba,16
archive,south,trace.bb94b472c3ec537f4a,1,180,approved,90,100,boot.79fb533701d5786191,9
quality-secondary,south,trace.0d2d916b07a6ca7d01,2,180,approved,100,110,boot.79fb533701d5786191,21
archive,south,trace.357b0ec3cd9c2fa0d8,2,180,approved,100,110,boot.79fb533701d5786191,23
edge,north,trace.0a2d3bc0c13464f469,30,210,approved,100,110,boot.8a473f18f758a9a799,1
archive,north,trace.3b45b519468ec7e670,1,180,approved,90,100,boot.eadeff5998de8be528,20
edge,south,trace.bb94b472c3ec537f4a,1,180,approved,90,100,boot.79fb533701d5786191,9
quality-secondary,south,trace.86e06ae202a6969cd8,30,210,approved,100,110,boot.79fb533701d5786191,16
quality-legacy,south,trace.45fe9218f2e25cb46a,2,180,approved,100,110,boot.7fc73391fe0005acba,1
edge,north,trace.7686a86728f98db49d,2,180,approved,100,110,boot.8a473f18f758a9a799,18
archive,north,trace.7686a86728f98db49d,30,210,approved,100,110,boot.8a473f18f758a9a799,19
quality-legacy,north,trace.47121c12e0e91ff35e,1,180,approved,90,100,boot.eadeff5998de8be528,17
edge,north,trace.2a4507ef9ebd1250b0,1,180,approved,90,100,boot.8a473f18f758a9a799,5
quality,north,trace.891a57867d5f0f0151,30,210,approved,100,110,boot.8a473f18f758a9a799,13
quality-secondary,north,trace.41ced7516b11b61c34,20,180,draft,100,110,boot.8a473f18f758a9a799,10
edge,north,trace.7a1d5ef9e082155d86,20,180,draft,100,110,boot.eadeff5998de8be528,4
quality-legacy,north,trace.41ced7516b11b61c34,20,180,draft,100,110,boot.8a473f18f758a9a799,10
archive,south,trace.57d617f1897ad3c16e,1,180,approved,90,100,boot.7fc73391fe0005acba,19
quality-secondary,north,trace.b5c0048c990ad1c4ce,1,180,approved,90,100,boot.8a473f18f758a9a799,8
quality-secondary,south,trace.47121c12e0e91ff35e,2,180,approved,100,110,boot.7fc73391fe0005acba,15
quality,north,trace.212513afe768fa4719,2,180,approved,100,110,boot.eadeff5998de8be528,0
quality-secondary,south,trace.41ced7516b11b61c34,20,180,draft,100,110,boot.79fb533701d5786191,10
quality-secondary,south,trace.bf28330e0f30c7e618,2,180,approved,100,110,boot.79fb533701d5786191,20
edge,south,trace.357b0ec3cd9c2fa0d8,2,180,approved,100,110,boot.79fb533701d5786191,23
edge,south,trace.6c79d9f29163d402d1,2,180,approved,100,110,boot.79fb533701d5786191,13
archive,north,trace.52e10600b5705ab2e4,2,180,approved,100,110,boot.8a473f18f758a9a799,10
quality-legacy,south,trace.20cd1613a859ab881e,1,180,approved,90,100,boot.79fb533701d5786191,21
edge,south,trace.20cd1613a859ab881e,2,180,approved,100,110,boot.79fb533701d5786191,19
archive,south,trace.26d3c702fa9114949f,2,180,approved,100,110,boot.79fb533701d5786191,14
edge,south,trace.2a4507ef9ebd1250b0,1,180,approved,90,100,boot.79fb533701d5786191,5
archive,north,trace.6b5049f610add3a9ca,2,180,approved,100,110,boot.8a473f18f758a9a799,1
archive,south,trace.a03e83f24adf380c97,1,180,approved,90,100,boot.79fb533701d5786191,6
quality-legacy,north,trace.90806211a2b82864ab,30,210,approved,100,110,boot.eadeff5998de8be528,22
edge,north,trace.91f700cda29198b64d,2,180,approved,100,110,boot.eadeff5998de8be528,9
archive,south,trace.41ced7516b11b61c34,20,180,draft,100,110,boot.79fb533701d5786191,10
quality,north,trace.ac8f37881ad463af98,2,180,approved,100,110,boot.8a473f18f758a9a799,22
archive,south,trace.26d3c702fa9114949f,1,180,approved,90,100,boot.79fb533701d5786191,16
quality-secondary,north,trace.ac8f37881ad463af98,2,180,approved,100,110,boot.8a473f18f758a9a799,22
edge,north,trace.de04467305a827c52d,1,180,approved,90,100,boot.eadeff5998de8be528,7
archive,north,trace.0f78a54ddffa0ae43e,1,180,approved,90,100,boot.eadeff5998de8be528,10
edge,south,trace.b5deb0411f389c7a70,1,180,approved,90,100,boot.7fc73391fe0005acba,8
quality-secondary,south,trace.90806211a2b82864ab,20,180,draft,100,110,boot.7fc73391fe0005acba,22
quality,north,trace.0a2d3bc0c13464f469,30,210,approved,100,110,boot.8a473f18f758a9a799,1
quality-legacy,south,trace.41ced7516b11b61c34,1,180,approved,90,100,boot.79fb533701d5786191,11
quality-legacy,north,trace.7a1d5ef9e082155d86,20,180,draft,100,110,boot.eadeff5998de8be528,4
quality,north,trace.d7e3a8e18f2313d6c4,1,180,approved,90,100,boot.eadeff5998de8be528,16
archive,north,trace.85713d23366adb2ff8,1,180,approved,90,100,boot.eadeff5998de8be528,1
archive,north,trace.bf28330e0f30c7e618,2,180,approved,100,110,boot.8a473f18f758a9a799,20
archive,south,trace.37b8030ac706bfeb8b,2,180,approved,100,110,boot.7fc73391fe0005acba,10
quality-legacy,south,trace.0d2d916b07a6ca7d01,30,210,approved,100,110,boot.79fb533701d5786191,22
quality-legacy,north,trace.07787493df4ca539c6,1,180,approved,90,100,boot.eadeff5998de8be528,9
quality-secondary,north,trace.b5deb0411f389c7a70,30,210,approved,100,110,boot.eadeff5998de8be528,7
archive,south,trace.7a1d5ef9e082155d86,30,210,approved,100,110,boot.7fc73391fe0005acba,4
quality-secondary,north,trace.7686a86728f98db49d,1,180,approved,90,100,boot.8a473f18f758a9a799,20
archive,north,trace.90806211a2b82864ab,1,180,approved,90,100,boot.eadeff5998de8be528,23
edge,south,trace.3b45b519468ec7e670,20,180,draft,100,110,boot.7fc73391fe0005acba,19
quality,north,trace.a03e83f24adf380c97,1,180,approved,90,100,boot.8a473f18f758a9a799,6
edge,south,trace.0a2d3bc0c13464f469,20,180,draft,100,110,boot.79fb533701d5786191,1
quality-secondary,south,trace.a1ae2b454762d8f39f,1,180,approved,90,100,boot.7fc73391fe0005acba,13
edge,south,trace.060a719e0618c56b3c,1,180,approved,90,100,boot.7fc73391fe0005acba,2
edge,south,trace.86e06ae202a6969cd8,20,180,draft,100,110,boot.79fb533701d5786191,16
quality-legacy,south,trace.90806211a2b82864ab,1,180,approved,90,100,boot.7fc73391fe0005acba,23
quality,north,trace.25b2eb4491b9194cc0,1,180,approved,90,100,boot.8a473f18f758a9a799,18
edge,north,trace.bb94b472c3ec537f4a,2,180,approved,100,110,boot.8a473f18f758a9a799,7
quality-legacy,north,trace.90806211a2b82864ab,2,180,approved,100,110,boot.eadeff5998de8be528,21
quality-secondary,north,trace.0a2d3bc0c13464f469,30,210,approved,100,110,boot.8a473f18f758a9a799,1
edge,south,trace.7686a86728f98db49d,20,180,draft,100,110,boot.79fb533701d5786191,19
quality-secondary,south,trace.26d3c702fa9114949f,1,180,approved,90,100,boot.79fb533701d5786191,16
quality-secondary,south,trace.26d3c702fa9114949f,2,180,approved,100,110,boot.79fb533701d5786191,14
quality-secondary,south,trace.19f7f3b58e186e27dd,2,180,approved,100,110,boot.7fc73391fe0005acba,22
edge,south,trace.90806211a2b82864ab,30,210,approved,100,110,boot.7fc73391fe0005acba,22
archive,south,trace.25b2eb4491b9194cc0,1,180,approved,90,100,boot.79fb533701d5786191,18
quality-legacy,south,trace.6c79d9f29163d402d1,1,180,approved,90,100,boot.79fb533701d5786191,15
archive,south,trace.19f7f3b58e186e27dd,2,180,approved,100,110,boot.7fc73391fe0005acba,22
quality-secondary,north,trace.a1ae2b454762d8f39f,2,180,approved,100,110,boot.eadeff5998de8be528,11
quality-secondary,north,trace.41ced7516b11b61c34,1,180,approved,90,100,boot.8a473f18f758a9a799,11
archive,south,trace.45fe9218f2e25cb46a,2,180,approved,100,110,boot.7fc73391fe0005acba,1
archive,south,trace.e4ed0a4951cef2d012,1,180,approved,90,100,boot.7fc73391fe0005acba,22
edge,north,trace.43a2a5c8d289b2a68d,1,180,approved,90,100,boot.8a473f18f758a9a799,7
quality-secondary,south,trace.6788dc3c3714716e86,1,180,approved,90,100,boot.7fc73391fe0005acba,15
edge,north,trace.060a719e0618c56b3c,30,210,approved,100,110,boot.eadeff5998de8be528,1
quality-secondary,south,trace.6788dc3c3714716e86,2,180,approved,100,110,boot.7fc73391fe0005acba,13
quality-secondary,south,trace.de04467305a827c52d,2,180,approved,100,110,boot.7fc73391fe0005acba,5
edge,north,trace.1a60a07f73f8597595,1,180,approved,90,100,boot.8a473f18f758a9a799,4
archive,south,trace.1a60a07f73f8597595,1,180,approved,90,100,boot.79fb533701d5786191,4
quality,north,trace.b5deb0411f389c7a70,1,180,approved,90,100,boot.eadeff5998de8be528,8
archive,north,trace.80de301c646594f3c8,2,180,approved,100,110,boot.eadeff5998de8be528,4
archive,north,trace.5711b5a8f00f3a43aa,20,180,draft,100,110,boot.eadeff5998de8be528,13
edge,south,trace.47121c12e0e91ff35e,20,180,draft,100,110,boot.7fc73391fe0005acba,16
quality-legacy,north,trace.43a2a5c8d289b2a68d,1,180,approved,90,100,boot.8a473f18f758a9a799,7
edge,north,trace.41ced7516b11b61c34,30,210,approved,100,110,boot.8a473f18f758a9a799,10
quality-secondary,north,trace.237f2acb2a37ef2aed,1,180,approved,90,100,boot.8a473f18f758a9a799,19
quality-secondary,south,trace.45fe9218f2e25cb46a,1,180,approved,90,100,boot.7fc73391fe0005acba,3
quality-legacy,north,trace.6b5049f610add3a9ca,1,180,approved,90,100,boot.8a473f18f758a9a799,3
quality-secondary,south,trace.19f7f3b58e186e27dd,1,180,approved,90,100,boot.7fc73391fe0005acba,0
quality-legacy,south,trace.0d2d916b07a6ca7d01,20,180,draft,100,110,boot.79fb533701d5786191,22
quality,north,trace.37b8030ac706bfeb8b,1,180,approved,90,100,boot.eadeff5998de8be528,12
archive,south,trace.90806211a2b82864ab,2,180,approved,100,110,boot.7fc73391fe0005acba,21
quality-secondary,south,trace.1a60a07f73f8597595,2,180,approved,100,110,boot.79fb533701d5786191,2
quality-secondary,north,trace.060a719e0618c56b3c,20,180,draft,100,110,boot.eadeff5998de8be528,1
quality-secondary,north,trace.0d2d916b07a6ca7d01,2,180,approved,100,110,boot.8a473f18f758a9a799,21
archive,south,trace.891a57867d5f0f0151,1,180,approved,90,100,boot.79fb533701d5786191,14
quality-secondary,north,trace.2a4507ef9ebd1250b0,2,180,approved,100,110,boot.8a473f18f758a9a799,3
archive,north,trace.d7e3a8e18f2313d6c4,2,180,approved,100,110,boot.eadeff5998de8be528,14
archive,south,trace.490ec96fcf80d553f6,2,180,approved,100,110,boot.7fc73391fe0005acba,16
archive,north,trace.37b8030ac706bfeb8b,2,180,approved,100,110,boot.eadeff5998de8be528,10
quality,south,trace.e4ed0a4951cef2d012,1,180,approved,90,100,boot.7fc73391fe0005acba,22
quality,north,trace.de321eedcb61e5179a,2,180,approved,100,110,boot.eadeff5998de8be528,0
quality-legacy,north,trace.85713d23366adb2ff8,1,180,approved,90,100,boot.eadeff5998de8be528,1
edge,north,trace.5711b5a8f00f3a43aa,30,210,approved,100,110,boot.eadeff5998de8be528,13
quality-secondary,south,trace.43a2a5c8d289b2a68d,2,180,approved,100,110,boot.79fb533701d5786191,5
quality-legacy,south,trace.b48414aca4ba1456c4,2,180,approved,100,110,boot.7fc73391fe0005acba,19
quality,south,trace.0a2d3bc0c13464f469,1,180,approved,90,100,boot.79fb533701d5786191,2
quality-secondary,north,trace.b48414aca4ba1456c4,2,180,approved,100,110,boot.eadeff5998de8be528,19
archive,south,trace.0d2d916b07a6ca7d01,1,180,approved,90,100,boot.79fb533701d5786191,23
edge,south,trace.57d617f1897ad3c16e,1,180,approved,90,100,boot.7fc73391fe0005acba,19
edge,north,trace.e4ed0a4951cef2d012,2,180,approved,100,110,boot.eadeff5998de8be528,20
quality-secondary,south,trace.891a57867d5f0f0151,20,180,draft,100,110,boot.79fb533701d5786191,13
quality-secondary,south,trace.7a1d5ef9e082155d86,20,180,draft,100,110,boot.7fc73391fe0005acba,4
quality,north,trace.26d3c702fa9114949f,1,180,approved,90,100,boot.8a473f18f758a9a799,16
quality,north,trace.b5c0048c990ad1c4ce,20,180,draft,100,110,boot.8a473f18f758a9a799,7
quality,north,trace.b5deb0411f389c7a70,30,210,approved,100,110,boot.eadeff5998de8be528,7
edge,south,trace.ac8f37881ad463af98,1,180,approved,90,100,boot.79fb533701d5786191,0
archive,south,trace.bf28330e0f30c7e618,2,180,approved,100,110,boot.79fb533701d5786191,20
quality-secondary,north,trace.891a57867d5f0f0151,2,180,approved,100,110,boot.8a473f18f758a9a799,12
quality-secondary,south,trace.a03e83f24adf380c97,1,180,approved,90,100,boot.79fb533701d5786191,6
archive,north,trace.0a2d3bc0c13464f469,1,180,approved,90,100,boot.8a473f18f758a9a799,2
quality-secondary,south,trace.490ec96fcf80d553f6,1,180,approved,90,100,boot.7fc73391fe0005acba,18
quality-secondary,north,trace.86e06ae202a6969cd8,1,180,approved,90,100,boot.8a473f18f758a9a799,17
quality,south,trace.6bfc9f171e6a3ec895,1,180,approved,90,100,boot.79fb533701d5786191,10
quality-secondary,north,trace.de04467305a827c52d,2,180,approved,100,110,boot.eadeff5998de8be528,5
quality-secondary,south,trace.6bfc9f171e6a3ec895,2,180,approved,100,110,boot.79fb533701d5786191,8
archive,south,trace.86e06ae202a6969cd8,20,180,draft,100,110,boot.79fb533701d5786191,16
quality-legacy,north,trace.7a1d5ef9e082155d86,1,180,approved,90,100,boot.eadeff5998de8be528,5
archive,north,trace.6788dc3c3714716e86,2,180,approved,100,110,boot.eadeff5998de8be528,13
quality,north,trace.891a57867d5f0f0151,20,180,draft,100,110,boot.8a473f18f758a9a799,13
quality,south,trace.bf28330e0f30c7e618,1,180,approved,90,100,boot.79fb533701d5786191,22
quality-legacy,north,trace.bb94b472c3ec537f4a,1,180,approved,90,100,boot.8a473f18f758a9a799,9
edge,south,trace.bf28330e0f30c7e618,2,180,approved,100,110,boot.79fb533701d5786191,20
quality,north,trace.0a2d3bc0c13464f469,20,180,draft,100,110,boot.8a473f18f758a9a799,1
quality-secondary,north,trace.6bfc9f171e6a3ec895,2,180,approved,100,110,boot.8a473f18f758a9a799,8
edge,south,trace.b5c0048c990ad1c4ce,20,180,draft,100,110,boot.79fb533701d5786191,7
archive,north,trace.3b45b519468ec7e670,2,180,approved,100,110,boot.eadeff5998de8be528,18
edge,north,trace.d7e3a8e18f2313d6c4,2,180,approved,100,110,boot.eadeff5998de8be528,14
quality,south,trace.0f78a54ddffa0ae43e,2,180,approved,100,110,boot.7fc73391fe0005acba,8
edge,north,trace.86e06ae202a6969cd8,1,180,approved,90,100,boot.8a473f18f758a9a799,17
quality,south,trace.891a57867d5f0f0151,1,180,approved,90,100,boot.79fb533701d5786191,14
quality-secondary,north,trace.1a60a07f73f8597595,2,180,approved,100,110,boot.8a473f18f758a9a799,2
archive,north,trace.6c79d9f29163d402d1,2,180,approved,100,110,boot.8a473f18f758a9a799,13
archive,south,trace.90806211a2b82864ab,20,180,draft,100,110,boot.7fc73391fe0005acba,22
archive,south,trace.891a57867d5f0f0151,2,180,approved,100,110,boot.79fb533701d5786191,12
archive,south,trace.0a2d3bc0c13464f469,1,180,approved,90,100,boot.79fb533701d5786191,2
archive,north,trace.20cd1613a859ab881e,1,180,approved,90,100,boot.8a473f18f758a9a799,21
edge,south,trace.1a60a07f73f8597595,1,180,approved,90,100,boot.79fb533701d5786191,4
quality-secondary,north,trace.6788dc3c3714716e86,1,180,approved,90,100,boot.eadeff5998de8be528,15
quality-secondary,north,trace.20cd1613a859ab881e,2,180,approved,100,110,boot.8a473f18f758a9a799,19
quality,south,trace.b5c0048c990ad1c4ce,1,180,approved,90,100,boot.79fb533701d5786191,8
edge,north,trace.7a1d5ef9e082155d86,30,210,approved,100,110,boot.eadeff5998de8be528,4
quality-secondary,north,trace.7a1d5ef9e082155d86,2,180,approved,100,110,boot.eadeff5998de8be528,3
edge,south,trace.bb94b472c3ec537f4a,2,180,approved,100,110,boot.79fb533701d5786191,7
quality-secondary,north,trace.6bfc9f171e6a3ec895,1,180,approved,90,100,boot.8a473f18f758a9a799,10
quality,north,trace.be1444d471b89bbf19,2,180,approved,100,110,boot.eadeff5998de8be528,0
quality-legacy,south,trace.a1ae2b454762d8f39f,2,180,approved,100,110,boot.7fc73391fe0005acba,11
quality-legacy,south,trace.7a1d5ef9e082155d86,30,210,approved,100,110,boot.7fc73391fe0005acba,4
archive,south,trace.0a2d3bc0c13464f469,20,180,draft,100,110,boot.79fb533701d5786191,1
archive,north,trace.de04467305a827c52d,1,180,approved,90,100,boot.eadeff5998de8be528,7
quality-legacy,south,trace.85713d23366adb2ff8,1,180,approved,90,100,boot.7fc73391fe0005acba,1
quality-secondary,south,trace.0a2d3bc0c13464f469,2,180,approved,100,110,boot.79fb533701d5786191,0
archive,north,trace.47121c12e0e91ff35e,30,210,approved,100,110,boot.eadeff5998de8be528,16
edge,south,trace.37b8030ac706bfeb8b,1,180,approved,90,100,boot.7fc73391fe0005acba,12
quality-secondary,south,trace.43a2a5c8d289b2a68d,1,180,approved,90,100,boot.79fb533701d5786191,7
archive,south,trace.0d2d916b07a6ca7d01,2,180,approved,100,110,boot.79fb533701d5786191,21
edge,south,trace.5711b5a8f00f3a43aa,30,210,approved,100,110,boot.7fc73391fe0005acba,13
edge,south,trace.cbbea35caf9577ba10,1,180,approved,90,100,boot.79fb533701d5786191,13
quality,north,trace.3b45b519468ec7e670,20,180,draft,100,110,boot.eadeff5998de8be528,19
quality-secondary,south,trace.07787493df4ca539c6,2,180,approved,100,110,boot.7fc73391fe0005acba,7
quality-secondary,south,trace.20cd1613a859ab881e,2,180,approved,100,110,boot.79fb533701d5786191,19
edge,south,trace.0a2d3bc0c13464f469,30,210,approved,100,110,boot.79fb533701d5786191,1
quality-secondary,north,trace.bb94b472c3ec537f4a,2,180,approved,100,110,boot.8a473f18f758a9a799,7
edge,south,trace.a03e83f24adf380c97,1,180,approved,90,100,boot.79fb533701d5786191,6
quality-secondary,north,trace.0a2d3bc0c13464f469,1,180,approved,90,100,boot.8a473f18f758a9a799,2
quality-secondary,south,trace.07787493df4ca539c6,1,180,approved,90,100,boot.7fc73391fe0005acba,9
archive,north,trace.ac8f37881ad463af98,1,180,approved,90,100,boot.8a473f18f758a9a799,0
archive,north,trace.41ced7516b11b61c34,20,180,draft,100,110,boot.8a473f18f758a9a799,10
quality,north,trace.daa776fa900fd5c8bb,2,180,approved,100,110,boot.eadeff5998de8be528,0
archive,south,trace.5711b5a8f00f3a43aa,30,210,approved,100,110,boot.7fc73391fe0005acba,13
archive,north,trace.90806211a2b82864ab,20,180,draft,100,110,boot.eadeff5998de8be528,22
quality,north,trace.212513afe768fa4719,1,180,revoked,100,110,boot.eadeff5998de8be528,0
edge,south,trace.37b8030ac706bfeb8b,2,180,approved,100,110,boot.7fc73391fe0005acba,10
edge,north,trace.b5deb0411f389c7a70,30,210,approved,100,110,boot.eadeff5998de8be528,7
quality-legacy,south,trace.41ced7516b11b61c34,20,180,draft,100,110,boot.79fb533701d5786191,10
archive,south,trace.7a1d5ef9e082155d86,20,180,draft,100,110,boot.7fc73391fe0005acba,4
edge,south,trace.80de301c646594f3c8,2,180,approved,100,110,boot.7fc73391fe0005acba,4
edge,south,trace.57d617f1897ad3c16e,2,180,approved,100,110,boot.7fc73391fe0005acba,17
quality-secondary,south,trace.891a57867d5f0f0151,1,180,approved,90,100,boot.79fb533701d5786191,14
quality-secondary,north,trace.7a1d5ef9e082155d86,30,210,approved,100,110,boot.eadeff5998de8be528,4
edge,south,trace.060a719e0618c56b3c,30,210,approved,100,110,boot.7fc73391fe0005acba,1
edge,south,trace.19f7f3b58e186e27dd,1,180,approved,90,100,boot.7fc73391fe0005acba,0
edge,north,trace.6788dc3c3714716e86,2,180,approved,100,110,boot.eadeff5998de8be528,13
archive,south,trace.43a2a5c8d289b2a68d,2,180,approved,100,110,boot.79fb533701d5786191,5
quality-secondary,north,trace.37b8030ac706bfeb8b,1,180,approved,90,100,boot.eadeff5998de8be528,12
quality-legacy,north,trace.86e06ae202a6969cd8,20,180,draft,100,110,boot.8a473f18f758a9a799,16
archive,south,trace.d7e3a8e18f2313d6c4,1,180,approved,90,100,boot.7fc73391fe0005acba,16
archive,north,trace.7a1d5ef9e082155d86,30,210,approved,100,110,boot.eadeff5998de8be528,4
archive,south,trace.0f78a54ddffa0ae43e,1,180,approved,90,100,boot.7fc73391fe0005acba,10
quality-legacy,north,trace.de04467305a827c52d,1,180,approved,90,100,boot.eadeff5998de8be528,7
quality-secondary,north,trace.5711b5a8f00f3a43aa,30,210,approved,100,110,boot.eadeff5998de8be528,13
quality-secondary,north,trace.6c79d9f29163d402d1,1,180,approved,90,100,boot.8a473f18f758a9a799,15
quality-secondary,south,trace.41ced7516b11b61c34,30,210,approved,100,110,boot.79fb533701d5786191,10
quality,south,trace.7686a86728f98db49d,1,180,approved,90,100,boot.79fb533701d5786191,20
edge,south,trace.891a57867d5f0f0151,1,180,approved,90,100,boot.79fb533701d5786191,14
archive,north,trace.7686a86728f98db49d,1,180,approved,90,100,boot.8a473f18f758a9a799,20
quality-secondary,south,trace.891a57867d5f0f0151,2,180,approved,100,110,boot.79fb533701d5786191,12
edge,north,trace.57d617f1897ad3c16e,2,180,approved,100,110,boot.eadeff5998de8be528,17
quality-secondary,north,trace.91f700cda29198b64d,1,180,approved,90,100,boot.eadeff5998de8be528,11
archive,south,trace.6c79d9f29163d402d1,2,180,approved,100,110,boot.79fb533701d5786191,13
edge,north,trace.19f7f3b58e186e27dd,2,180,approved,100,110,boot.eadeff5998de8be528,22
quality,south,trace.6bfc9f171e6a3ec895,2,180,approved,100,110,boot.79fb533701d5786191,8
quality,south,trace.b5c0048c990ad1c4ce,2,180,approved,100,110,boot.79fb533701d5786191,6
quality-secondary,south,trace.91f700cda29198b64d,1,180,approved,90,100,boot.7fc73391fe0005acba,11
quality-secondary,north,trace.d7e3a8e18f2313d6c4,2,180,approved,100,110,boot.eadeff5998de8be528,14
quality,north,trace.6bfc9f171e6a3ec895,1,180,approved,90,100,boot.8a473f18f758a9a799,10
quality-secondary,north,trace.0a2d3bc0c13464f469,2,180,approved,100,110,boot.8a473f18f758a9a799,0
quality-secondary,north,trace.490ec96fcf80d553f6,2,180,approved,100,110,boot.eadeff5998de8be528,16
edge,north,trace.2a4507ef9ebd1250b0,30,210,approved,100,110,boot.8a473f18f758a9a799,4
edge,north,trace.0f78a54ddffa0ae43e,2,180,approved,100,110,boot.eadeff5998de8be528,8
archive,south,trace.de04467305a827c52d,2,180,approved,100,110,boot.7fc73391fe0005acba,5
quality,north,trace.5711b5a8f00f3a43aa,2,180,approved,100,110,boot.eadeff5998de8be528,12
quality,south,trace.26d3c702fa9114949f,2,180,approved,100,110,boot.79fb533701d5786191,14
edge,south,trace.25b2eb4491b9194cc0,1,180,approved,90,100,boot.79fb533701d5786191,18
archive,north,trace.19f7f3b58e186e27dd,2,180,approved,100,110,boot.eadeff5998de8be528,22
quality,south,trace.19f7f3b58e186e27dd,1,180,approved,90,100,boot.7fc73391fe0005acba,0
edge,south,trace.0d2d916b07a6ca7d01,30,210,approved,100,110,boot.79fb533701d5786191,22
quality,south,trace.0a2d3bc0c13464f469,2,180,approved,100,110,boot.79fb533701d5786191,0
archive,south,trace.91f700cda29198b64d,1,180,approved,90,100,boot.7fc73391fe0005acba,11
archive,north,trace.357b0ec3cd9c2fa0d8,1,180,approved,90,100,boot.8a473f18f758a9a799,1
archive,south,trace.90806211a2b82864ab,30,210,approved,100,110,boot.7fc73391fe0005acba,22
quality,south,trace.25b2eb4491b9194cc0,1,180,approved,90,100,boot.79fb533701d5786191,18
quality,south,trace.a03e83f24adf380c97,1,180,approved,90,100,boot.79fb533701d5786191,6
archive,south,trace.0a2d3bc0c13464f469,2,180,approved,100,110,boot.79fb533701d5786191,0
quality-secondary,south,trace.357b0ec3cd9c2fa0d8,1,180,approved,90,100,boot.79fb533701d5786191,1
quality-secondary,north,trace.0d2d916b07a6ca7d01,30,210,approved,100,110,boot.8a473f18f758a9a799,22
quality-legacy,south,trace.6c79d9f29163d402d1,2,180,approved,100,110,boot.79fb533701d5786191,13
edge,north,trace.237f2acb2a37ef2aed,2,180,approved,100,110,boot.8a473f18f758a9a799,17
quality,south,trace.19f7f3b58e186e27dd,2,180,approved,100,110,boot.7fc73391fe0005acba,22
archive,south,trace.b48414aca4ba1456c4,2,180,approved,100,110,boot.7fc73391fe0005acba,19
quality-legacy,south,trace.7a1d5ef9e082155d86,1,180,approved,90,100,boot.7fc73391fe0005acba,5
archive,south,trace.b5deb0411f389c7a70,1,180,approved,90,100,boot.7fc73391fe0005acba,8
quality,north,trace.1bf1bee35eeb353bf4,3,180,revoked,100,110,boot.eadeff5998de8be528,0
quality,north,trace.e4ed0a4951cef2d012,2,180,approved,100,110,boot.eadeff5998de8be528,20
quality-secondary,north,trace.0d2d916b07a6ca7d01,1,180,approved,90,100,boot.8a473f18f758a9a799,23
quality-secondary,north,trace.6b5049f610add3a9ca,2,180,approved,100,110,boot.8a473f18f758a9a799,1
edge,south,trace.19f7f3b58e186e27dd,2,180,approved,100,110,boot.7fc73391fe0005acba,22
quality,north,trace.060a719e0618c56b3c,1,180,approved,90,100,boot.eadeff5998de8be528,2
archive,south,trace.95857cfafce1c4549d,2,180,approved,100,110,boot.7fc73391fe0005acba,2
quality-secondary,south,trace.86e06ae202a6969cd8,1,180,approved,90,100,boot.79fb533701d5786191,17
archive,south,trace.3b45b519468ec7e670,20,180,draft,100,110,boot.7fc73391fe0005acba,19
edge,north,trace.47121c12e0e91ff35e,2,180,approved,100,110,boot.eadeff5998de8be528,15
quality-secondary,north,trace.891a57867d5f0f0151,30,210,approved,100,110,boot.8a473f18f758a9a799,13
quality-secondary,south,trace.0f78a54ddffa0ae43e,2,180,approved,100,110,boot.7fc73391fe0005acba,8
quality-secondary,north,trace.3b45b519468ec7e670,2,180,approved,100,110,boot.eadeff5998de8be528,18
edge,north,trace.90806211a2b82864ab,2,180,approved,100,110,boot.eadeff5998de8be528,21
quality-secondary,north,trace.b5deb0411f389c7a70,2,180,approved,100,110,boot.eadeff5998de8be528,6
archive,north,trace.0f78a54ddffa0ae43e,2,180,approved,100,110,boot.eadeff5998de8be528,8
edge,south,trace.a03e83f24adf380c97,2,180,approved,100,110,boot.79fb533701d5786191,4
quality-secondary,north,trace.0f78a54ddffa0ae43e,2,180,approved,100,110,boot.eadeff5998de8be528,8
edge,south,trace.a1ae2b454762d8f39f,1,180,approved,90,100,boot.7fc73391fe0005acba,13
edge,north,trace.91f700cda29198b64d,20,180,draft,100,110,boot.eadeff5998de8be528,10
archive,north,trace.490ec96fcf80d553f6,2,180,approved,100,110,boot.eadeff5998de8be528,16
edge,south,trace.6788dc3c3714716e86,2,180,approved,100,110,boot.7fc73391fe0005acba,13
archive,south,trace.43a2a5c8d289b2a68d,1,180,approved,90,100,boot.79fb533701d5786191,7
edge,north,trace.7686a86728f98db49d,30,210,approved,100,110,boot.8a473f18f758a9a799,19
archive,north,trace.86e06ae202a6969cd8,1,180,approved,90,100,boot.8a473f18f758a9a799,17
edge,north,trace.b5c0048c990ad1c4ce,20,180,draft,100,110,boot.8a473f18f758a9a799,7
quality-secondary,south,trace.52e10600b5705ab2e4,2,180,approved,100,110,boot.79fb533701d5786191,10
archive,north,trace.26d3c702fa9114949f,2,180,approved,100,110,boot.8a473f18f758a9a799,14
quality-secondary,north,trace.80de301c646594f3c8,2,180,approved,100,110,boot.eadeff5998de8be528,4
quality-secondary,south,trace.b5deb0411f389c7a70,1,180,approved,90,100,boot.7fc73391fe0005acba,8
quality-secondary,south,trace.6bfc9f171e6a3ec895,1,180,approved,90,100,boot.79fb533701d5786191,10
quality-secondary,south,trace.237f2acb2a37ef2aed,1,180,approved,90,100,boot.79fb533701d5786191,19
quality-legacy,north,trace.0d2d916b07a6ca7d01,2,180,approved,100,110,boot.8a473f18f758a9a799,21
edge,south,trace.7a1d5ef9e082155d86,30,210,approved,100,110,boot.7fc73391fe0005acba,4
quality-legacy,north,trace.90806211a2b82864ab,1,180,approved,90,100,boot.eadeff5998de8be528,23
quality-secondary,north,trace.95857cfafce1c4549d,2,180,approved,100,110,boot.eadeff5998de8be528,2
quality-legacy,north,trace.86e06ae202a6969cd8,1,180,approved,90,100,boot.8a473f18f758a9a799,17
quality-legacy,south,trace.357b0ec3cd9c2fa0d8,2,180,approved,100,110,boot.79fb533701d5786191,23
edge,north,trace.cbbea35caf9577ba10,2,180,approved,100,110,boot.8a473f18f758a9a799,11
quality-secondary,south,trace.7a1d5ef9e082155d86,1,180,approved,90,100,boot.7fc73391fe0005acba,5
quality-secondary,south,trace.b5deb0411f389c7a70,30,210,approved,100,110,boot.7fc73391fe0005acba,7
archive,south,trace.80de301c646594f3c8,2,180,approved,100,110,boot.7fc73391fe0005acba,4
quality,north,trace.0f7d42356889d09156,2,180,approved,100,110,boot.e58786b82ac1c4214d,0
quality-legacy,north,trace.41ced7516b11b61c34,2,180,approved,100,110,boot.8a473f18f758a9a799,9
quality-legacy,north,trace.91f700cda29198b64d,20,180,draft,100,110,boot.eadeff5998de8be528,10
archive,north,trace.6bfc9f171e6a3ec895,1,180,approved,90,100,boot.8a473f18f758a9a799,10
quality-secondary,north,trace.45fe9218f2e25cb46a,2,180,approved,100,110,boot.eadeff5998de8be528,1
archive,north,trace.45fe9218f2e25cb46a,1,180,approved,90,100,boot.eadeff5998de8be528,3
archive,north,trace.41ced7516b11b61c34,1,180,approved,90,100,boot.8a473f18f758a9a799,11
quality,north,trace.3b45b519468ec7e670,1,180,approved,90,100,boot.eadeff5998de8be528,20
archive,south,trace.52e10600b5705ab2e4,2,180,approved,100,110,boot.79fb533701d5786191,10
archive,south,trace.237f2acb2a37ef2aed,1,180,approved,90,100,boot.79fb533701d5786191,19
quality-legacy,south,trace.237f2acb2a37ef2aed,1,180,approved,90,100,boot.79fb533701d5786191,19
archive,north,trace.91f700cda29198b64d,30,210,approved,100,110,boot.eadeff5998de8be528,10
archive,north,trace.2a4507ef9ebd1250b0,2,180,approved,100,110,boot.8a473f18f758a9a799,3
quality-secondary,south,trace.91f700cda29198b64d,30,210,approved,100,110,boot.7fc73391fe0005acba,10
quality-secondary,north,trace.e4ed0a4951cef2d012,1,180,approved,90,100,boot.eadeff5998de8be528,22
quality,north,trace.5be0745ea87d50b400,2,180,approved,100,110,boot.eadeff5998de8be528,1
quality,south,trace.5711b5a8f00f3a43aa,30,210,approved,100,110,boot.7fc73391fe0005acba,13
quality,north,trace.19f7f3b58e186e27dd,2,180,approved,100,110,boot.eadeff5998de8be528,22
archive,south,trace.b5c0048c990ad1c4ce,30,210,approved,100,110,boot.79fb533701d5786191,7
quality,south,trace.25b2eb4491b9194cc0,2,180,approved,100,110,boot.79fb533701d5786191,16
quality,north,trace.25b2eb4491b9194cc0,2,180,approved,100,110,boot.8a473f18f758a9a799,16
edge,north,trace.0d2d916b07a6ca7d01,1,180,approved,90,100,boot.8a473f18f758a9a799,23
quality-legacy,north,trace.90806211a2b82864ab,20,180,draft,100,110,boot.eadeff5998de8be528,22
quality-legacy,north,trace.41ced7516b11b61c34,1,180,approved,90,100,boot.8a473f18f758a9a799,11
quality-legacy,north,trace.2a4507ef9ebd1250b0,2,180,approved,100,110,boot.8a473f18f758a9a799,3
edge,north,trace.57d617f1897ad3c16e,1,180,approved,90,100,boot.eadeff5998de8be528,19
archive,south,trace.6788dc3c3714716e86,1,180,approved,90,100,boot.7fc73391fe0005acba,15
quality-legacy,south,trace.2a4507ef9ebd1250b0,30,210,approved,100,110,boot.79fb533701d5786191,4
edge,north,trace.3b45b519468ec7e670,1,180,approved,90,100,boot.eadeff5998de8be528,20
quality-legacy,south,trace.86e06ae202a6969cd8,2,180,approved,100,110,boot.79fb533701d5786191,15
archive,south,trace.86e06ae202a6969cd8,30,210,approved,100,110,boot.79fb533701d5786191,16
quality,south,trace.a03e83f24adf380c97,2,180,approved,100,110,boot.79fb533701d5786191,4
quality,south,trace.3b45b519468ec7e670,30,210,approved,100,110,boot.7fc73391fe0005acba,19
quality,south,trace.891a57867d5f0f0151,30,210,approved,100,110,boot.79fb533701d5786191,13
edge,north,trace.0a2d3bc0c13464f469,20,180,draft,100,110,boot.8a473f18f758a9a799,1
archive,south,trace.91f700cda29198b64d,2,180,approved,100,110,boot.7fc73391fe0005acba,9
quality-secondary,south,trace.0a2d3bc0c13464f469,20,180,draft,100,110,boot.79fb533701d5786191,1
archive,north,trace.891a57867d5f0f0151,2,180,approved,100,110,boot.8a473f18f758a9a799,12
quality-legacy,north,trace.7a1d5ef9e082155d86,30,210,approved,100,110,boot.eadeff5998de8be528,4
quality-legacy,south,trace.bb94b472c3ec537f4a,1,180,approved,90,100,boot.79fb533701d5786191,9
archive,north,trace.0d2d916b07a6ca7d01,20,180,draft,100,110,boot.8a473f18f758a9a799,22
archive,north,trace.3b45b519468ec7e670,30,210,approved,100,110,boot.eadeff5998de8be528,19
quality,south,trace.52e10600b5705ab2e4,2,180,approved,100,110,boot.79fb533701d5786191,10
quality-legacy,south,trace.90806211a2b82864ab,20,180,draft,100,110,boot.7fc73391fe0005acba,22
quality-secondary,north,trace.ac8f37881ad463af98,1,180,approved,90,100,boot.8a473f18f758a9a799,0
quality-secondary,south,trace.5711b5a8f00f3a43aa,1,180,approved,90,100,boot.7fc73391fe0005acba,14
edge,south,trace.7a1d5ef9e082155d86,20,180,draft,100,110,boot.7fc73391fe0005acba,4
edge,north,trace.b5c0048c990ad1c4ce,2,180,approved,100,110,boot.8a473f18f758a9a799,6
quality,north,trace.33c68bec71cc649dc5,2,180,approved,100,110,boot.eadeff5998de8be528,1
quality-secondary,north,trace.19f7f3b58e186e27dd,1,180,approved,90,100,boot.eadeff5998de8be528,0
edge,north,trace.86e06ae202a6969cd8,20,180,draft,100,110,boot.8a473f18f758a9a799,16
archive,north,trace.1a60a07f73f8597595,1,180,approved,90,100,boot.8a473f18f758a9a799,4
quality,north,trace.5711b5a8f00f3a43aa,20,180,draft,100,110,boot.eadeff5998de8be528,13
quality-secondary,south,trace.b48414aca4ba1456c4,1,180,approved,90,100,boot.7fc73391fe0005acba,21
edge,south,trace.0d2d916b07a6ca7d01,20,180,draft,100,110,boot.79fb533701d5786191,22
quality-legacy,south,trace.47121c12e0e91ff35e,1,180,approved,90,100,boot.7fc73391fe0005acba,17
quality-secondary,south,trace.b5deb0411f389c7a70,20,180,draft,100,110,boot.7fc73391fe0005acba,7
edge,south,trace.90806211a2b82864ab,1,180,approved,90,100,boot.7fc73391fe0005acba,23
archive,south,trace.060a719e0618c56b3c,1,180,approved,90,100,boot.7fc73391fe0005acba,2
edge,north,trace.bb94b472c3ec537f4a,1,180,approved,90,100,boot.8a473f18f758a9a799,9
quality-secondary,north,trace.7686a86728f98db49d,2,180,approved,100,110,boot.8a473f18f758a9a799,18
edge,south,trace.91f700cda29198b64d,1,180,approved,90,100,boot.7fc73391fe0005acba,11
quality,north,trace.7686a86728f98db49d,20,180,draft,100,110,boot.8a473f18f758a9a799,19
quality-secondary,north,trace.5711b5a8f00f3a43aa,20,180,draft,100,110,boot.eadeff5998de8be528,13
archive,south,trace.060a719e0618c56b3c,20,180,draft,100,110,boot.7fc73391fe0005acba,1
edge,north,trace.cbbea35caf9577ba10,1,180,approved,90,100,boot.8a473f18f758a9a799,13
quality-secondary,north,trace.86e06ae202a6969cd8,2,180,approved,100,110,boot.8a473f18f758a9a799,15
edge,south,trace.85713d23366adb2ff8,1,180,approved,90,100,boot.7fc73391fe0005acba,1
archive,south,trace.0f78a54ddffa0ae43e,2,180,approved,100,110,boot.7fc73391fe0005acba,8
edge,south,trace.45fe9218f2e25cb46a,1,180,approved,90,100,boot.7fc73391fe0005acba,3
quality-legacy,south,trace.cbbea35caf9577ba10,1,180,approved,90,100,boot.79fb533701d5786191,13
edge,south,trace.060a719e0618c56b3c,2,180,approved,100,110,boot.7fc73391fe0005acba,0
quality-secondary,north,trace.891a57867d5f0f0151,1,180,approved,90,100,boot.8a473f18f758a9a799,14
quality-legacy,south,trace.07787493df4ca539c6,2,180,approved,100,110,boot.7fc73391fe0005acba,7
quality,south,trace.0a2d3bc0c13464f469,20,180,draft,100,110,boot.79fb533701d5786191,1
quality,north,trace.19f7f3b58e186e27dd,1,180,approved,90,100,boot.eadeff5998de8be528,0
edge,south,trace.6bfc9f171e6a3ec895,2,180,approved,100,110,boot.79fb533701d5786191,8
quality-legacy,north,trace.cbbea35caf9577ba10,2,180,approved,100,110,boot.8a473f18f758a9a799,11
quality-secondary,south,trace.7686a86728f98db49d,1,180,approved,90,100,boot.79fb533701d5786191,20
quality-secondary,south,trace.37b8030ac706bfeb8b,2,180,approved,100,110,boot.7fc73391fe0005acba,10
edge,north,trace.a1ae2b454762d8f39f,2,180,approved,100,110,boot.eadeff5998de8be528,11
quality-legacy,south,trace.7a1d5ef9e082155d86,20,180,draft,100,110,boot.7fc73391fe0005acba,4
quality-secondary,north,trace.91f700cda29198b64d,2,180,approved,100,110,boot.eadeff5998de8be528,9
quality-secondary,north,trace.bb94b472c3ec537f4a,1,180,approved,90,100,boot.8a473f18f758a9a799,9
archive,north,trace.a03e83f24adf380c97,2,180,approved,100,110,boot.8a473f18f758a9a799,4
archive,north,trace.060a719e0618c56b3c,30,210,approved,100,110,boot.eadeff5998de8be528,1
quality-secondary,south,trace.2a4507ef9ebd1250b0,2,180,approved,100,110,boot.79fb533701d5786191,3
archive,south,trace.237f2acb2a37ef2aed,2,180,approved,100,110,boot.79fb533701d5786191,17
quality-secondary,north,trace.cbbea35caf9577ba10,2,180,approved,100,110,boot.8a473f18f758a9a799,11
archive,north,trace.d7e3a8e18f2313d6c4,1,180,approved,90,100,boot.eadeff5998de8be528,16
edge,north,trace.357b0ec3cd9c2fa0d8,1,180,approved,90,100,boot.8a473f18f758a9a799,1
quality-secondary,north,trace.25b2eb4491b9194cc0,2,180,approved,100,110,boot.8a473f18f758a9a799,16
quality-secondary,north,trace.b5c0048c990ad1c4ce,2,180,approved,100,110,boot.8a473f18f758a9a799,6
quality-secondary,south,trace.de04467305a827c52d,1,180,approved,90,100,boot.7fc73391fe0005acba,7
quality-legacy,north,trace.6b5049f610add3a9ca,2,180,approved,100,110,boot.8a473f18f758a9a799,1
edge,north,trace.20cd1613a859ab881e,2,180,approved,100,110,boot.8a473f18f758a9a799,19
edge,south,trace.d7e3a8e18f2313d6c4,1,180,approved,90,100,boot.7fc73391fe0005acba,16
edge,south,trace.20cd1613a859ab881e,1,180,approved,90,100,boot.79fb533701d5786191,21
quality-legacy,south,trace.237f2acb2a37ef2aed,2,180,approved,100,110,boot.79fb533701d5786191,17
quality-legacy,south,trace.86e06ae202a6969cd8,20,180,draft,100,110,boot.79fb533701d5786191,16
quality-secondary,north,trace.7a1d5ef9e082155d86,1,180,approved,90,100,boot.eadeff5998de8be528,5
edge,north,trace.85713d23366adb2ff8,2,180,approved,100,110,boot.eadeff5998de8be528,23
quality-secondary,north,trace.52e10600b5705ab2e4,1,180,approved,90,100,boot.8a473f18f758a9a799,12
edge,north,trace.26d3c702fa9114949f,2,180,approved,100,110,boot.8a473f18f758a9a799,14
edge,north,trace.0a2d3bc0c13464f469,2,180,approved,100,110,boot.8a473f18f758a9a799,0
quality-secondary,south,trace.5711b5a8f00f3a43aa,2,180,approved,100,110,boot.7fc73391fe0005acba,12
quality-legacy,south,trace.43a2a5c8d289b2a68d,2,180,approved,100,110,boot.79fb533701d5786191,5
quality,north,trace.0a2d3bc0c13464f469,1,180,approved,90,100,boot.8a473f18f758a9a799,2
edge,south,trace.0a2d3bc0c13464f469,2,180,approved,100,110,boot.79fb533701d5786191,0
edge,north,trace.86e06ae202a6969cd8,2,180,approved,100,110,boot.8a473f18f758a9a799,15
archive,north,trace.0d2d916b07a6ca7d01,2,180,approved,100,110,boot.8a473f18f758a9a799,21
archive,south,trace.1a60a07f73f8597595,2,180,approved,100,110,boot.79fb533701d5786191,2
archive,north,trace.2a4507ef9ebd1250b0,20,180,draft,100,110,boot.8a473f18f758a9a799,4
quality,north,trace.5be0745ea87d50b400,2,180,approved,100,110,boot.eadeff5998de8be528,0
edge,north,trace.90806211a2b82864ab,1,180,approved,90,100,boot.eadeff5998de8be528,23
archive,north,trace.490ec96fcf80d553f6,1,180,approved,90,100,boot.eadeff5998de8be528,18
edge,south,trace.a1ae2b454762d8f39f,2,180,approved,100,110,boot.7fc73391fe0005acba,11
quality-secondary,north,trace.43a2a5c8d289b2a68d,2,180,approved,100,110,boot.8a473f18f758a9a799,5
archive,north,trace.b5deb0411f389c7a70,2,180,approved,100,110,boot.eadeff5998de8be528,6
edge,north,trace.357b0ec3cd9c2fa0d8,2,180,approved,100,110,boot.8a473f18f758a9a799,23
quality-secondary,south,trace.a1ae2b454762d8f39f,2,180,approved,100,110,boot.7fc73391fe0005acba,11
archive,south,trace.2a4507ef9ebd1250b0,30,210,approved,100,110,boot.79fb533701d5786191,4
edge,south,trace.86e06ae202a6969cd8,1,180,approved,90,100,boot.79fb533701d5786191,17
quality-legacy,south,trace.90806211a2b82864ab,2,180,approved,100,110,boot.7fc73391fe0005acba,21
quality-legacy,south,trace.43a2a5c8d289b2a68d,1,180,approved,90,100,boot.79fb533701d5786191,7
edge,south,trace.43a2a5c8d289b2a68d,2,180,approved,100,110,boot.79fb533701d5786191,5
quality-secondary,north,trace.2a4507ef9ebd1250b0,30,210,approved,100,110,boot.8a473f18f758a9a799,4
quality-secondary,south,trace.1a60a07f73f8597595,1,180,approved,90,100,boot.79fb533701d5786191,4
quality-secondary,north,trace.cbbea35caf9577ba10,1,180,approved,90,100,boot.8a473f18f758a9a799,13
archive,south,trace.ac8f37881ad463af98,1,180,approved,90,100,boot.79fb533701d5786191,0
edge,south,trace.de04467305a827c52d,1,180,approved,90,100,boot.7fc73391fe0005acba,7
quality-secondary,north,trace.891a57867d5f0f0151,20,180,draft,100,110,boot.8a473f18f758a9a799,13
archive,south,trace.80de301c646594f3c8,1,180,approved,90,100,boot.7fc73391fe0005acba,6
quality-legacy,south,trace.7a1d5ef9e082155d86,2,180,approved,100,110,boot.7fc73391fe0005acba,3
archive,north,trace.0d2d916b07a6ca7d01,30,210,approved,100,110,boot.8a473f18f758a9a799,22
archive,north,trace.237f2acb2a37ef2aed,2,180,approved,100,110,boot.8a473f18f758a9a799,17
edge,north,trace.19f7f3b58e186e27dd,1,180,approved,90,100,boot.eadeff5998de8be528,0
quality-secondary,north,trace.3b45b519468ec7e670,30,210,approved,100,110,boot.eadeff5998de8be528,19
quality-secondary,south,trace.7686a86728f98db49d,2,180,approved,100,110,boot.79fb533701d5786191,18
quality-secondary,south,trace.7686a86728f98db49d,20,180,draft,100,110,boot.79fb533701d5786191,19
quality,south,trace.060a719e0618c56b3c,2,180,approved,100,110,boot.7fc73391fe0005acba,0
archive,north,trace.b48414aca4ba1456c4,2,180,approved,100,110,boot.eadeff5998de8be528,19
archive,south,trace.52e10600b5705ab2e4,1,180,approved,90,100,boot.79fb533701d5786191,12
archive,south,trace.41ced7516b11b61c34,2,180,approved,100,110,boot.79fb533701d5786191,9
archive,north,trace.2a4507ef9ebd1250b0,30,210,approved,100,110,boot.8a473f18f758a9a799,4
archive,north,trace.37b8030ac706bfeb8b,1,180,approved,90,100,boot.eadeff5998de8be528,12
quality-secondary,south,trace.cbbea35caf9577ba10,1,180,approved,90,100,boot.79fb533701d5786191,13
quality-secondary,south,trace.86e06ae202a6969cd8,2,180,approved,100,110,boot.79fb533701d5786191,15
edge,north,trace.20cd1613a859ab881e,1,180,approved,90,100,boot.8a473f18f758a9a799,21
edge,north,trace.7686a86728f98db49d,1,180,approved,90,100,boot.8a473f18f758a9a799,20
archive,north,trace.b48414aca4ba1456c4,1,180,approved,90,100,boot.eadeff5998de8be528,21
edge,north,trace.060a719e0618c56b3c,2,180,approved,100,110,boot.eadeff5998de8be528,0
quality-secondary,south,trace.3b45b519468ec7e670,2,180,approved,100,110,boot.7fc73391fe0005acba,18
edge,north,trace.6b5049f610add3a9ca,2,180,approved,100,110,boot.8a473f18f758a9a799,1
archive,north,trace.07787493df4ca539c6,2,180,approved,100,110,boot.eadeff5998de8be528,7
edge,south,trace.41ced7516b11b61c34,20,180,draft,100,110,boot.79fb533701d5786191,10
archive,south,trace.cbbea35caf9577ba10,2,180,approved,100,110,boot.79fb533701d5786191,11
edge,south,trace.bf28330e0f30c7e618,1,180,approved,90,100,boot.79fb533701d5786191,22
quality-legacy,south,trace.07787493df4ca539c6,1,180,approved,90,100,boot.7fc73391fe0005acba,9
edge,north,trace.490ec96fcf80d553f6,1,180,approved,90,100,boot.eadeff5998de8be528,18
quality,south,trace.b5deb0411f389c7a70,20,180,draft,100,110,boot.7fc73391fe0005acba,7
quality-legacy,south,trace.2a4507ef9ebd1250b0,20,180,draft,100,110,boot.79fb533701d5786191,4
quality-secondary,south,trace.91f700cda29198b64d,2,180,approved,100,110,boot.7fc73391fe0005acba,9
quality,north,trace.95857cfafce1c4549d,1,180,approved,90,100,boot.eadeff5998de8be528,4
quality-legacy,south,trace.91f700cda29198b64d,20,180,draft,100,110,boot.7fc73391fe0005acba,10
archive,north,trace.07787493df4ca539c6,1,180,approved,90,100,boot.eadeff5998de8be528,9
quality-legacy,south,trace.85713d23366adb2ff8,2,180,approved,100,110,boot.7fc73391fe0005acba,23
quality-secondary,north,trace.3b45b519468ec7e670,20,180,draft,100,110,boot.eadeff5998de8be528,19
archive,north,trace.47121c12e0e91ff35e,2,180,approved,100,110,boot.eadeff5998de8be528,15
quality-secondary,north,trace.060a719e0618c56b3c,2,180,approved,100,110,boot.eadeff5998de8be528,0
archive,north,trace.47121c12e0e91ff35e,1,180,approved,90,100,boot.eadeff5998de8be528,17
quality-secondary,north,trace.90806211a2b82864ab,20,180,draft,100,110,boot.eadeff5998de8be528,22
quality,north,trace.0f78a54ddffa0ae43e,1,180,approved,90,100,boot.eadeff5998de8be528,10
archive,south,trace.07787493df4ca539c6,2,180,approved,100,110,boot.7fc73391fe0005acba,7
archive,south,trace.5711b5a8f00f3a43aa,20,180,draft,100,110,boot.7fc73391fe0005acba,13
archive,south,trace.47121c12e0e91ff35e,1,180,approved,90,100,boot.7fc73391fe0005acba,17
