schema,offset,kind,admission_id,body
delivery/1,5,event,capture.stable.south.2,"{""schema"": 2, ""event_id"": ""secondary.stable.south.2"", ""update_seq"": 99, ""request_id"": ""client-reused"", ""finished_at"": 601, ""score"": 0, ""rank"": 10000}"
delivery/1,2,event,capture.stable.north.2,"{""schema"": 2, ""event_id"": ""secondary.stable.north.2"", ""update_seq"": 99, ""request_id"": ""client-reused"", ""finished_at"": 601, ""score"": 0, ""rank"": 10000}"
delivery/1,10,event,capture.candidate.south.1,"{""schema"": 2, ""event_id"": ""secondary.candidate.south.1"", ""update_seq"": 99, ""request_id"": ""client-reused"", ""finished_at"": 601, ""score"": 0, ""rank"": 10000}"
delivery/1,0,event,capture.stable.north.0,"{""schema"": 2, ""event_id"": ""secondary.stable.north.0"", ""update_seq"": 99, ""request_id"": ""client-reused"", ""finished_at"": 601, ""score"": 0, ""rank"": 10000}"
delivery/1,12,event,capture.candidate.north.0,"{""schema"": 2, ""event_id"": ""secondary.candidate.north.0"", ""update_seq"": 99, ""request_id"": ""client-reused"", ""finished_at"": 601, ""score"": 0.5}"
delivery/1,4,event,capture.stable.south.1,"{""schema"": 2, ""event_id"": ""secondary.stable.south.1"", ""update_seq"": 99, ""request_id"": ""client-reused"", ""finished_at"": 601, ""score"": 0, ""rank"": 10000}"
delivery/1,14,watermark,,"{""cohort"": ""batch"", ""through"": 110}"
delivery/1,3,event,capture.stable.south.0,"{""schema"": 2, ""event_id"": ""secondary.stable.south.0"", ""update_seq"": 99, ""request_id"": ""client-reused"", ""finished_at"": 601, ""score"": 0, ""rank"": 10000}"
delivery/1,9,event,capture.candidate.south.0,"{""schema"": 2, ""event_id"": ""secondary.candidate.south.0"", ""update_seq"": 99, ""request_id"": ""client-reused"", ""finished_at"": 601, ""score"": 0, ""rank"": 10000}"
delivery/1,13,watermark,,"{""cohort"": ""interactive"", ""through"": 110}"
delivery/1,8,event,capture.candidate.north.2,"{""schema"": 2, ""event_id"": ""secondary.candidate.north.2"", ""update_seq"": 99, ""request_id"": ""client-reused"", ""finished_at"": 601, ""score"": 0, ""rank"": 10000}"
delivery/1,1,event,capture.stable.north.1,"{""schema"": 2, ""event_id"": ""secondary.stable.north.1"", ""update_seq"": 99, ""request_id"": ""client-reused"", ""finished_at"": 601, ""score"": 0, ""rank"": 10000}"
delivery/1,11,event,capture.candidate.south.2,"{""schema"": 2, ""event_id"": ""secondary.candidate.south.2"", ""update_seq"": 99, ""request_id"": ""client-reused"", ""finished_at"": 601, ""score"": 0, ""rank"": 10000}"
delivery/1,7,event,capture.candidate.north.1,"{""schema"": 2, ""event_id"": ""secondary.candidate.north.1"", ""update_seq"": 99, ""request_id"": ""client-reused"", ""finished_at"": 601, ""score"": 0, ""rank"": 10000, ""sample_kind"": ""shadow""}"
delivery/1,6,event,capture.candidate.north.0,"{""schema"": 2, ""event_id"": ""secondary.candidate.north.0"", ""update_seq"": 99, ""request_id"": ""client-reused"", ""finished_at"": 601, ""score"": 0, ""rank"": 10000}"
delivery/1,5,event,capture.stable.south.2,"{""schema"": 2, ""event_id"": ""secondary.stable.south.2"", ""update_seq"": 99, ""request_id"": ""client-reused"", ""finished_at"": 601, ""score"": 0, ""rank"": 10000}"
delivery/1,0,event,capture.stable.north.0,"{""schema"": 2, ""event_id"": ""secondary.stable.north.0"", ""update_seq"": 99, ""request_id"": ""client-reused"", ""finished_at"": 601, ""score"": 0, ""rank"": 10000}"
delivery/1,14,watermark,,"{""cohort"": ""batch"", ""through"": 110}"
delivery/1,13,watermark,,"{""cohort"": ""interactive"", ""through"": 110}"
delivery/1,11,event,capture.candidate.south.2,"{""schema"": 2, ""event_id"": ""secondary.candidate.south.2"", ""update_seq"": 99, ""request_id"": ""client-reused"", ""finished_at"": 601, ""score"": 0, ""rank"": 10000}"
