request_id,tenant,alias,revision,cohort,admitted,kind,source
req.1,north,chat,r20261003,interactive,110,live,gateway
req.2,north,chat,r20261003,interactive,111,live,gateway
req.3,north,chat,r20261003,interactive,112,live,gateway
req.4,north,chat,r20261003,interactive,113,live,gateway
req.5,north,chat,r20261003,interactive,114,live,gateway
req.6,north,chat,r20261003,interactive,115,live,gateway
req.7,north,chat,r20261003,interactive,116,live,gateway
req.8,north,chat,r20261003,interactive,117,live,gateway
req.9,south,chat,r20261003,batch,110,live,gateway
req.10,south,chat,r20261003,batch,111,live,gateway
req.11,south,chat,r20261003,batch,112,live,gateway
req.12,south,chat,r20261003,batch,113,live,gateway
req.13,south,chat,r20261003,batch,114,live,gateway
req.14,south,chat,r20261003,batch,115,live,gateway
req.15,south,chat,r20261003,batch,116,live,gateway
req.16,south,chat,r20261003,batch,117,live,gateway
req.17,south,chat,r20261003,batch,118,live,gateway
req.18,south,chat,r20261003,batch,119,live,gateway
req.19,south,chat,r20261003,batch,120,live,gateway
req.20,south,chat,r20261003,batch,121,live,gateway
req.21,south,chat,r20261003,batch,122,live,gateway
req.22,south,chat,r20261003,batch,123,live,gateway
req.23,south,chat,r20261003,batch,124,live,gateway
req.24,south,chat,r20261003,batch,125,live,gateway
req.25,south,chat,r20261003,batch,126,live,gateway
req.26,south,chat,r20261003,batch,127,live,gateway
req.27,south,chat,r20261003,batch,128,live,gateway
req.28,south,chat,r20261003,batch,129,live,gateway
req.29,south,chat,r20261003,batch,130,live,gateway
req.30,south,chat,r20261003,batch,131,live,gateway
req.31,south,chat,r20261003,batch,132,live,gateway
req.32,south,chat,r20261003,batch,133,live,gateway
req.33,south,chat,r20261003,batch,134,live,gateway
req.34,south,chat,r20261003,batch,135,live,gateway
req.35,south,chat,r20261003,batch,136,live,gateway
req.36,south,chat,r20261003,batch,137,live,gateway
req.37,south,chat,r20261003,batch,138,live,gateway
req.38,south,chat,r20261003,batch,139,live,gateway
req.39,south,chat,r20261003,batch,140,live,gateway
req.40,south,chat,r20261003,batch,141,live,gateway
req.41,north,chat,r20261004,interactive,110,live,gateway
req.42,north,chat,r20261004,interactive,111,live,gateway
req.43,north,chat,r20261004,interactive,112,live,gateway
req.44,north,chat,r20261004,interactive,113,live,gateway
req.45,north,chat,r20261004,interactive,114,live,gateway
req.46,north,chat,r20261004,interactive,115,live,gateway
req.47,north,chat,r20261004,interactive,116,live,gateway
req.48,north,chat,r20261004,interactive,117,live,gateway
req.49,north,chat,r20261004,interactive,118,live,gateway
req.50,north,chat,r20261004,interactive,119,live,gateway
req.51,north,chat,r20261004,interactive,120,live,gateway
req.52,north,chat,r20261004,interactive,121,live,gateway
req.53,north,chat,r20261004,interactive,122,live,gateway
req.54,north,chat,r20261004,interactive,123,live,gateway
req.55,north,chat,r20261004,interactive,124,live,gateway
req.56,north,chat,r20261004,interactive,125,live,gateway
req.57,north,chat,r20261004,interactive,126,live,gateway
req.58,north,chat,r20261004,interactive,127,live,gateway
req.59,north,chat,r20261004,interactive,128,live,gateway
req.60,north,chat,r20261004,interactive,129,live,gateway
req.61,north,chat,r20261004,interactive,130,live,gateway
req.62,north,chat,r20261004,interactive,131,live,gateway
req.63,north,chat,r20261004,interactive,132,live,gateway
req.64,north,chat,r20261004,interactive,133,live,gateway
req.65,north,chat,r20261004,interactive,134,live,gateway
req.66,north,chat,r20261004,interactive,135,live,gateway
req.67,north,chat,r20261004,interactive,136,live,gateway
req.68,north,chat,r20261004,interactive,137,live,gateway
req.69,north,chat,r20261004,interactive,138,live,gateway
req.70,north,chat,r20261004,interactive,139,live,gateway
req.71,north,chat,r20261004,interactive,140,live,gateway
req.72,north,chat,r20261004,interactive,141,live,gateway
req.73,south,chat,r20261004,batch,110,live,gateway
req.74,south,chat,r20261004,batch,111,live,gateway
req.75,south,chat,r20261004,batch,112,live,gateway
req.76,south,chat,r20261004,batch,113,live,gateway
req.77,south,chat,r20261004,batch,114,live,gateway
req.78,south,chat,r20261004,batch,115,live,gateway
req.79,south,chat,r20261004,batch,116,live,gateway
req.80,south,chat,r20261004,batch,117,live,gateway
shadow.1,north,chat,r20261004,interactive,120,shadow,gateway
replay.1,north,chat,r20261004,interactive,120,replay,gateway
older.1,north,chat,r20260901,interactive,120,live,gateway
