schema,offset,kind,admission_id,body
delivery/1,12,event,f026a1da75f4406aaaf205520d468547,"{""schema"": 1, ""id"": ""archive.f026a1da75f4406aaaf205520d468547"", ""request"": ""client-2"", ""finished_ms"": 105000.0, ""duration_ms"": 43.282342005113605, ""status"": ""ok"", ""model"": ""chat""}"
delivery/1,20,event,792b290d049840ae84acc68eb049b59f,"{""schema"": 1, ""id"": ""archive.792b290d049840ae84acc68eb049b59f"", ""request"": ""client-0"", ""finished_ms"": 145000.0, ""duration_ms"": 60.852458998851944, ""status"": ""ok"", ""model"": ""chat""}"
delivery/1,3,event,27b46f13479142098dff951cb296fd52,"{""schema"": 1, ""id"": ""archive.27b46f13479142098dff951cb296fd52"", ""request"": ""client-3"", ""finished_ms"": 105000.0, ""duration_ms"": 50.87298400030704, ""status"": ""ok"", ""model"": ""chat""}"
delivery/1,30,event,721c1ebc91df4f7b93f51c3fbc238441,"{""schema"": 1, ""id"": ""archive.721c1ebc91df4f7b93f51c3fbc238441"", ""request"": ""client-0"", ""finished_ms"": 145000.0, ""duration_ms"": 26.346742000896484, ""status"": ""ok"", ""model"": ""chat""}"
delivery/1,26,event,b81e0ef14651485ab02493a6e467b62f,"{""schema"": 1, ""id"": ""archive.b81e0ef14651485ab02493a6e467b62f"", ""request"": ""client-1"", ""finished_ms"": 145000.0, ""duration_ms"": 57.30789100198308, ""status"": ""ok"", ""model"": ""chat""}"
delivery/1,9,event,a3b54161a0f7447c907bf292b8ec9733,"{""schema"": 1, ""id"": ""archive.a3b54161a0f7447c907bf292b8ec9733"", ""request"": ""client-4"", ""finished_ms"": 105000.0, ""duration_ms"": 61.12058400321985, ""status"": ""ok"", ""model"": ""chat""}"
delivery/1,7,event,3a37eb0fa12540bbb3f43f7e84ce88fb,"{""schema"": 1, ""id"": ""archive.3a37eb0fa12540bbb3f43f7e84ce88fb"", ""request"": ""client-2"", ""finished_ms"": 105000.0, ""duration_ms"": 62.60430000111228, ""status"": ""ok"", ""model"": ""chat""}"
delivery/1,2,event,52444508106a4a358e409ab3a9b69d4b,"{""schema"": 1, ""id"": ""archive.52444508106a4a358e409ab3a9b69d4b"", ""request"": ""client-2"", ""finished_ms"": 105000.0, ""duration_ms"": 49.65234999690438, ""status"": ""ok"", ""model"": ""chat""}"
delivery/1,28,event,24c940a8178f41f294311ed2c13471b8,"{""schema"": 1, ""id"": ""archive.24c940a8178f41f294311ed2c13471b8"", ""request"": ""client-3"", ""finished_ms"": 145000.0, ""duration_ms"": 50.5870750057511, ""status"": ""ok"", ""model"": ""chat""}"
delivery/1,17,event,7c23dc1b24f84590a85208c519468c38,"{""schema"": 1, ""id"": ""archive.7c23dc1b24f84590a85208c519468c38"", ""request"": ""client-2"", ""finished_ms"": 105000.0, ""duration_ms"": 56.48848400596762, ""status"": ""ok"", ""model"": ""chat""}"
delivery/1,21,event,4e42a494609948b4a6ad64d1ec8b9414,"{""schema"": 1, ""id"": ""archive.4e42a494609948b4a6ad64d1ec8b9414"", ""request"": ""client-1"", ""finished_ms"": 145000.0, ""duration_ms"": 54.180500002985355, ""status"": ""ok"", ""model"": ""chat""}"
delivery/1,36,event,308402541f5b495a97e9d204294418ca,"{""schema"": 1, ""id"": ""archive.308402541f5b495a97e9d204294418ca"", ""request"": ""client-1"", ""finished_ms"": 145000.0, ""duration_ms"": 37.089892000949476, ""status"": ""ok"", ""model"": ""chat""}"
delivery/1,24,event,072ba54649f94c32b7981fb4d4d93d77,"{""schema"": 1, ""id"": ""archive.072ba54649f94c32b7981fb4d4d93d77"", ""request"": ""client-4"", ""finished_ms"": 145000.0, ""duration_ms"": 48.328592005418614, ""status"": ""ok"", ""model"": ""chat""}"
delivery/1,27,event,1bf110417e244ba6b17d287167b22148,"{""schema"": 1, ""id"": ""archive.1bf110417e244ba6b17d287167b22148"", ""request"": ""client-2"", ""finished_ms"": 145000.0, ""duration_ms"": 59.408799999800976, ""status"": ""ok"", ""model"": ""chat""}"
delivery/1,21,event,4e42a494609948b4a6ad64d1ec8b9414,"{""schema"": 1, ""id"": ""archive.4e42a494609948b4a6ad64d1ec8b9414"", ""request"": ""client-1"", ""finished_ms"": 145000.0, ""duration_ms"": 54.180500002985355, ""status"": ""ok"", ""model"": ""chat""}"
delivery/1,37,event,5b6083d20d584e5fa7551db256b79820,"{""schema"": 1, ""id"": ""archive.5b6083d20d584e5fa7551db256b79820"", ""request"": ""client-2"", ""finished_ms"": 145000.0, ""duration_ms"": 35.783090999757405, ""status"": ""ok"", ""model"": ""chat""}"
delivery/1,25,event,73bc6b8409ed48a8b181fbbe88ae7687,"{""schema"": 1, ""id"": ""archive.73bc6b8409ed48a8b181fbbe88ae7687"", ""request"": ""client-0"", ""finished_ms"": 145000.0, ""duration_ms"": 66.59372500143945, ""status"": ""ok"", ""model"": ""chat""}"
delivery/1,41,watermark,,"{""cohort"": ""batch"", ""through"": 180}"
delivery/1,19,event,17ed2be26ad348c998c319c175f0c43e,"{""schema"": 1, ""id"": ""archive.17ed2be26ad348c998c319c175f0c43e"", ""request"": ""client-4"", ""finished_ms"": 105000.0, ""duration_ms"": 55.064717002096586, ""status"": ""ok"", ""model"": ""chat""}"
delivery/1,18,event,c3b0283f0e234c538a226eef75001d28,"{""schema"": 1, ""id"": ""archive.c3b0283f0e234c538a226eef75001d28"", ""request"": ""client-3"", ""finished_ms"": 105000.0, ""duration_ms"": 55.97038300038548, ""status"": ""ok"", ""model"": ""chat""}"
delivery/1,28,event,24c940a8178f41f294311ed2c13471b8,"{""schema"": 1, ""id"": ""archive.24c940a8178f41f294311ed2c13471b8"", ""request"": ""client-3"", ""finished_ms"": 145000.0, ""duration_ms"": 50.5870750057511, ""status"": ""ok"", ""model"": ""chat""}"
delivery/1,0,event,2b900f817c214a019e852f33bb10536d,"{""schema"": 1, ""id"": ""archive.2b900f817c214a019e852f33bb10536d"", ""request"": ""client-0"", ""finished_ms"": 105000.0, ""duration_ms"": 51.7068749977625, ""status"": ""ok"", ""model"": ""chat""}"
delivery/1,7,event,3a37eb0fa12540bbb3f43f7e84ce88fb,"{""schema"": 1, ""id"": ""archive.3a37eb0fa12540bbb3f43f7e84ce88fb"", ""request"": ""client-2"", ""finished_ms"": 105000.0, ""duration_ms"": 62.60430000111228, ""status"": ""ok"", ""model"": ""chat""}"
delivery/1,6,event,58ead40011364795b3d445cf43cd2065,"{""schema"": 1, ""id"": ""archive.58ead40011364795b3d445cf43cd2065"", ""request"": ""client-1"", ""finished_ms"": 105000.0, ""duration_ms"": 66.07452499883948, ""status"": ""ok"", ""model"": ""chat""}"
