request_id,tenant,alias,revision,cohort,admitted,kind,source
2b900f817c214a019e852f33bb10536d,north,chat,r20261003,interactive,105,live,gateway
ed65e9bbb344408da8001a71cca3760a,north,chat,r20261003,interactive,105,live,gateway
52444508106a4a358e409ab3a9b69d4b,north,chat,r20261003,interactive,105,live,gateway
27b46f13479142098dff951cb296fd52,north,chat,r20261003,interactive,105,live,gateway
281bdf58ccad484ba68148fbd68e0dd5,north,chat,r20261003,interactive,105,live,gateway
8188d241045f44c68621293122a95719,north,chat,r20261004,interactive,105,live,gateway
58ead40011364795b3d445cf43cd2065,north,chat,r20261004,interactive,105,live,gateway
3a37eb0fa12540bbb3f43f7e84ce88fb,north,chat,r20261004,interactive,105,live,gateway
edce94f112aa4140b3aad8a336b92a23,north,chat,r20261004,interactive,105,live,gateway
a3b54161a0f7447c907bf292b8ec9733,north,chat,r20261004,interactive,105,live,gateway
045c65bd0a3847459e0443498445bbcb,south,chat,r20261003,batch,105,live,gateway
016506ca62c54db09667a8cf5f72a78a,south,chat,r20261003,batch,105,live,gateway
f026a1da75f4406aaaf205520d468547,south,chat,r20261003,batch,105,live,gateway
670d7db07b6b4139a166e312a7e09b6f,south,chat,r20261003,batch,105,live,gateway
0dd21a2600ea445fb23b4c65bb3d629a,south,chat,r20261003,batch,105,live,gateway
e3ff54de35764e1596729971c4016c08,south,chat,r20261004,batch,105,live,gateway
426f5489ba2842039c1a3be41399c1cd,south,chat,r20261004,batch,105,live,gateway
7c23dc1b24f84590a85208c519468c38,south,chat,r20261004,batch,105,live,gateway
c3b0283f0e234c538a226eef75001d28,south,chat,r20261004,batch,105,live,gateway
17ed2be26ad348c998c319c175f0c43e,south,chat,r20261004,batch,105,live,gateway
792b290d049840ae84acc68eb049b59f,north,chat,r20261003,interactive,145,live,gateway
4e42a494609948b4a6ad64d1ec8b9414,north,chat,r20261003,interactive,145,live,gateway
d2d08fda25c14e03a28273773a9049b2,north,chat,r20261003,interactive,145,live,gateway
2f6981ddb4f94fb383d54836885f13ec,north,chat,r20261003,interactive,145,live,gateway
072ba54649f94c32b7981fb4d4d93d77,north,chat,r20261003,interactive,145,live,gateway
73bc6b8409ed48a8b181fbbe88ae7687,north,chat,r20261004,interactive,145,live,gateway
b81e0ef14651485ab02493a6e467b62f,north,chat,r20261004,interactive,145,live,gateway
1bf110417e244ba6b17d287167b22148,north,chat,r20261004,interactive,145,live,gateway
24c940a8178f41f294311ed2c13471b8,north,chat,r20261004,interactive,145,live,gateway
e353bade3afe4d0bb23eaa79dece330e,north,chat,r20261004,interactive,145,live,gateway
721c1ebc91df4f7b93f51c3fbc238441,south,chat,r20261003,batch,145,live,gateway
2bc9d45bd7a34d2bac2181f6ce213481,south,chat,r20261003,batch,145,live,gateway
4b4222d021ad4f108b3139a682971a52,south,chat,r20261003,batch,145,live,gateway
373932917b4c4fe49547425114826877,south,chat,r20261003,batch,145,live,gateway
c69149237329449bbdef41774d0cd325,south,chat,r20261003,batch,145,live,gateway
1d7e74312ae3403ea3b6914298da616b,south,chat,r20261004,batch,145,live,gateway
308402541f5b495a97e9d204294418ca,south,chat,r20261004,batch,145,live,gateway
5b6083d20d584e5fa7551db256b79820,south,chat,r20261004,batch,145,live,gateway
15f575c88c874dbebb9a8a23fd30b299,south,chat,r20261004,batch,145,live,gateway
4cc722f875334b00958d88b239fe4a1e,south,chat,r20261004,batch,145,live,gateway
